date,msg,poland,ukraine,belarus,moldova,hungary,slovakia,romania,latvia,estonia,germany,russia,lithuania,czechia,italy,austria,denmark,sweden,finland,ireland,france,turkey,spain,portugal,slovenia,netherlands,belgium,bulgaria,croatia,united kingdom,macedonia,serbia,bosnia,switzerland,greece,luxembourg,iceland,malta,norway,montenegro,cyprus,albania
2022-02-24,1721.0,283.0,0.0,5.0,19.0,0.0,1.0,3.0,0.0,0.0,3.0,2.0,1.0,3.0,13.0,1.0,0.0,0.0,2.0,0.0,5.0,0.0,0.0,0.0,0.0,0.0,3.0,0.0,0.0,0.0,0.0,0.0,0.0,1.0,0.0,0.0,0.0,0.0,0.0,0.0,0.0,0.0
2022-02-25,10528.0,1827.0,0.0,36.0,134.0,32.0,28.0,67.0,7.0,0.0,83.0,27.0,15.0,43.0,58.0,43.0,2.0,1.0,4.0,3.0,31.0,13.0,46.0,1.0,5.0,4.0,24.0,4.0,1.0,1.0,1.0,1.0,1.0,42.0,0.0,0.0,0.0,0.0,0.0,1.0,1.0,0.0
2022-02-26,18003.0,2800.0,0.0,54.0,280.0,76.0,51.0,145.0,14.0,0.0,172.0,52.0,22.0,142.0,127.0,99.0,2.0,3.0,4.0,5.0,67.0,23.0,64.0,4.0,6.0,24.0,61.0,8.0,3.0,5.0,1.0,1.0,1.0,94.0,1.0,0.0,0.0,0.0,0.0,1.0,1.0,0.0
2022-02-27,22669.0,3413.0,0.0,59.0,453.0,147.0,57.0,270.0,23.0,3.0,280.0,63.0,28.0,200.0,176.0,161.0,4.0,3.0,5.0,10.0,94.0,30.0,103.0,4.0,9.0,37.0,80.0,18.0,3.0,6.0,1.0,1.0,1.0,154.0,3.0,0.0,0.0,0.0,2.0,2.0,1.0,0.0
2022-02-28,26250.0,3861.0,0.0,69.0,581.0,197.0,70.0,389.0,29.0,4.0,379.0,67.0,37.0,246.0,238.0,215.0,4.0,3.0,5.0,10.0,119.0,37.0,122.0,5.0,11.0,48.0,101.0,28.0,5.0,9.0,1.0,1.0,2.0,209.0,3.0,0.0,0.0,0.0,2.0,7.0,1.0,0.0
2022-03-01,31061.0,4421.0,0.0,84.0,731.0,255.0,84.0,513.0,38.0,6.0,520.0,80.0,42.0,315.0,270.0,289.0,10.0,4.0,7.0,10.0,141.0,47.0,146.0,5.0,11.0,59.0,121.0,38.0,6.0,12.0,1.0,2.0,2.0,279.0,4.0,0.0,0.0,0.0,2.0,8.0,2.0,0.0
2022-03-02,35575.0,4978.0,0.0,92.0,854.0,304.0,112.0,605.0,40.0,7.0,659.0,91.0,48.0,363.0,297.0,335.0,16.0,5.0,13.0,10.0,173.0,51.0,173.0,13.0,13.0,96.0,144.0,50.0,7.0,14.0,1.0,2.0,2.0,319.0,6.0,0.0,0.0,0.0,6.0,8.0,2.0,0.0
2022-03-03,39459.0,5454.0,0.0,102.0,950.0,346.0,118.0,694.0,47.0,11.0,795.0,97.0,55.0,408.0,328.0,390.0,19.0,5.0,13.0,10.0,199.0,53.0,192.0,13.0,14.0,103.0,166.0,59.0,7.0,14.0,1.0,2.0,2.0,370.0,6.0,0.0,0.0,0.0,7.0,9.0,3.0,0.0
2022-03-04,44626.0,6097.0,0.0,112.0,1113.0,377.0,126.0,790.0,50.0,11.0,966.0,103.0,63.0,447.0,389.0,442.0,20.0,5.0,13.0,11.0,244.0,60.0,208.0,16.0,15.0,127.0,200.0,66.0,7.0,17.0,1.0,2.0,2.0,422.0,8.0,0.0,0.0,0.0,7.0,9.0,4.0,0.0
2022-03-05,48839.0,6691.0,0.0,121.0,1245.0,403.0,132.0,861.0,51.0,13.0,1167.0,106.0,67.0,495.0,470.0,511.0,29.0,6.0,13.0,12.0,301.0,65.0,230.0,24.0,20.0,145.0,248.0,70.0,7.0,21.0,1.0,4.0,2.0,488.0,8.0,1.0,0.0,0.0,8.0,11.0,4.0,0.0
2022-03-06,52596.0,7182.0,0.0,131.0,1323.0,427.0,139.0,929.0,61.0,15.0,1327.0,119.0,70.0,534.0,513.0,564.0,31.0,6.0,14.0,12.0,352.0,99.0,260.0,27.0,21.0,159.0,292.0,92.0,10.0,25.0,1.0,8.0,2.0,536.0,8.0,1.0,0.0,0.0,9.0,16.0,4.0,0.0
2022-03-07,55466.0,7576.0,0.0,136.0,1389.0,456.0,147.0,997.0,66.0,16.0,1472.0,123.0,78.0,562.0,566.0,623.0,33.0,7.0,16.0,14.0,388.0,109.0,290.0,30.0,23.0,170.0,319.0,112.0,12.0,31.0,1.0,10.0,2.0,591.0,11.0,1.0,0.0,0.0,10.0,17.0,4.0,0.0
2022-03-08,57644.0,7863.0,0.0,140.0,1433.0,490.0,157.0,1055.0,67.0,16.0,1582.0,126.0,82.0,591.0,594.0,671.0,33.0,8.0,16.0,14.0,408.0,118.0,298.0,33.0,23.0,175.0,333.0,121.0,16.0,31.0,2.0,13.0,2.0,633.0,12.0,2.0,0.0,0.0,11.0,17.0,4.0,0.0
2022-03-09,59263.0,8081.0,0.0,140.0,1463.0,508.0,164.0,1086.0,68.0,16.0,1660.0,126.0,92.0,607.0,624.0,701.0,34.0,8.0,16.0,14.0,425.0,121.0,309.0,40.0,26.0,183.0,347.0,129.0,17.0,34.0,2.0,14.0,2.0,662.0,12.0,2.0,0.0,0.0,15.0,17.0,4.0,0.0
2022-03-10,60729.0,8250.0,0.0,146.0,1488.0,537.0,173.0,1113.0,69.0,16.0,1726.0,127.0,94.0,628.0,632.0,718.0,34.0,8.0,17.0,15.0,435.0,123.0,321.0,42.0,26.0,188.0,354.0,133.0,17.0,35.0,2.0,14.0,2.0,677.0,12.0,2.0,0.0,0.0,17.0,18.0,4.0,0.0
2022-03-11,60178.0,8109.0,0.0,145.0,1491.0,543.0,177.0,1122.0,69.0,16.0,1776.0,129.0,99.0,645.0,635.0,731.0,35.0,8.0,16.0,15.0,446.0,127.0,333.0,44.0,26.0,190.0,361.0,141.0,19.0,36.0,2.0,14.0,2.0,686.0,12.0,2.0,0.0,0.0,18.0,18.0,4.0,0.0
2022-03-12,52759.0,6740.0,0.0,120.0,1398.0,520.0,154.0,1075.0,64.0,17.0,1781.0,109.0,90.0,620.0,607.0,717.0,34.0,7.0,15.0,13.0,434.0,121.0,307.0,46.0,22.0,190.0,351.0,140.0,19.0,36.0,1.0,13.0,1.0,678.0,14.0,2.0,0.0,0.0,22.0,19.0,3.0,0.0
2022-03-13,46377.0,5886.0,0.0,105.0,1266.0,477.0,132.0,1006.0,58.0,17.0,1758.0,84.0,88.0,531.0,550.0,684.0,36.0,5.0,16.0,11.0,404.0,116.0,298.0,44.0,23.0,173.0,318.0,140.0,17.0,33.0,1.0,13.0,1.0,654.0,14.0,2.0,0.0,0.0,31.0,19.0,4.0,0.0
2022-03-14,42719.0,5418.0,0.0,101.0,1114.0,410.0,135.0,896.0,52.0,14.0,1714.0,76.0,87.0,489.0,508.0,649.0,38.0,6.0,16.0,6.0,391.0,111.0,276.0,48.0,21.0,173.0,311.0,132.0,17.0,34.0,2.0,13.0,1.0,614.0,15.0,4.0,0.0,0.0,29.0,20.0,4.0,1.0
2022-03-15,40216.0,5095.0,0.0,93.0,1009.0,368.0,129.0,786.0,48.0,13.0,1678.0,77.0,82.0,461.0,451.0,626.0,38.0,6.0,21.0,6.0,385.0,107.0,270.0,50.0,21.0,173.0,305.0,131.0,15.0,33.0,3.0,14.0,0.0,588.0,16.0,4.0,0.0,0.0,29.0,15.0,4.0,1.0
2022-03-16,36153.0,4619.0,0.0,79.0,867.0,312.0,117.0,666.0,40.0,11.0,1578.0,67.0,80.0,405.0,422.0,571.0,34.0,6.0,19.0,7.0,369.0,102.0,249.0,51.0,21.0,170.0,293.0,127.0,14.0,35.0,3.0,15.0,0.0,533.0,15.0,4.0,0.0,0.0,31.0,14.0,4.0,1.0
2022-03-17,32358.0,4152.0,0.0,72.0,757.0,270.0,90.0,601.0,38.0,11.0,1489.0,57.0,74.0,372.0,401.0,546.0,30.0,6.0,13.0,7.0,351.0,101.0,228.0,44.0,19.0,141.0,276.0,117.0,13.0,33.0,3.0,16.0,0.0,514.0,14.0,5.0,0.0,0.0,30.0,15.0,4.0,1.0
2022-03-18,29083.0,3737.0,0.0,63.0,677.0,232.0,85.0,532.0,32.0,7.0,1387.0,52.0,69.0,337.0,381.0,506.0,28.0,6.0,14.0,7.0,336.0,99.0,217.0,45.0,18.0,138.0,261.0,113.0,14.0,33.0,3.0,16.0,0.0,475.0,14.0,5.0,0.0,0.0,29.0,14.0,3.0,1.0
2022-03-19,24406.0,3140.0,0.0,54.0,535.0,203.0,79.0,454.0,31.0,7.0,1250.0,46.0,68.0,301.0,324.0,471.0,28.0,6.0,15.0,7.0,308.0,97.0,208.0,42.0,17.0,119.0,239.0,111.0,14.0,33.0,4.0,16.0,0.0,439.0,13.0,5.0,0.0,0.0,29.0,14.0,2.0,1.0
2022-03-20,20731.0,2602.0,0.0,46.0,416.0,178.0,73.0,394.0,30.0,6.0,1089.0,45.0,64.0,258.0,253.0,426.0,19.0,5.0,15.0,6.0,258.0,94.0,189.0,34.0,13.0,110.0,197.0,108.0,14.0,32.0,4.0,16.0,0.0,405.0,13.0,4.0,0.0,0.0,28.0,13.0,2.0,1.0
2022-03-21,17534.0,2156.0,0.0,36.0,344.0,154.0,67.0,342.0,21.0,4.0,973.0,33.0,61.0,232.0,216.0,397.0,18.0,5.0,14.0,6.0,213.0,63.0,162.0,33.0,13.0,100.0,155.0,92.0,11.0,29.0,4.0,12.0,0.0,380.0,14.0,4.0,0.0,0.0,28.0,8.0,2.0,2.0
2022-03-22,15259.0,1814.0,0.0,36.0,309.0,129.0,62.0,296.0,17.0,3.0,853.0,32.0,58.0,209.0,168.0,351.0,19.0,4.0,14.0,4.0,195.0,57.0,138.0,32.0,12.0,94.0,142.0,79.0,9.0,26.0,4.0,11.0,0.0,336.0,11.0,4.0,0.0,0.0,29.0,8.0,2.0,3.0
2022-03-23,13609.0,1578.0,0.0,34.0,283.0,96.0,53.0,271.0,18.0,4.0,789.0,30.0,57.0,181.0,145.0,330.0,19.0,3.0,14.0,4.0,183.0,49.0,139.0,29.0,13.0,91.0,133.0,76.0,7.0,28.0,3.0,8.0,0.0,319.0,10.0,3.0,0.0,0.0,28.0,8.0,2.0,3.0
2022-03-24,12421.0,1392.0,0.0,38.0,267.0,80.0,48.0,244.0,18.0,4.0,749.0,35.0,48.0,174.0,118.0,315.0,19.0,3.0,15.0,4.0,170.0,47.0,133.0,24.0,10.0,89.0,123.0,72.0,7.0,34.0,3.0,7.0,0.0,307.0,11.0,3.0,0.0,0.0,24.0,9.0,2.0,3.0
2022-03-25,11383.0,1265.0,0.0,35.0,254.0,51.0,40.0,224.0,18.0,4.0,715.0,36.0,49.0,158.0,115.0,314.0,20.0,3.0,14.0,3.0,164.0,48.0,122.0,22.0,10.0,85.0,118.0,72.0,8.0,36.0,3.0,7.0,0.0,309.0,11.0,3.0,0.0,0.0,24.0,8.0,2.0,3.0
2022-03-26,10543.0,1148.0,0.0,33.0,244.0,47.0,37.0,216.0,18.0,4.0,694.0,34.0,45.0,139.0,101.0,322.0,20.0,3.0,13.0,4.0,156.0,47.0,113.0,20.0,10.0,84.0,114.0,65.0,6.0,35.0,3.0,7.0,0.0,319.0,11.0,3.0,0.0,0.0,23.0,9.0,2.0,3.0
2022-03-27,9416.0,1010.0,0.0,27.0,228.0,42.0,38.0,205.0,16.0,3.0,637.0,30.0,41.0,131.0,86.0,310.0,20.0,3.0,13.0,3.0,151.0,40.0,96.0,19.0,9.0,83.0,108.0,63.0,6.0,35.0,3.0,7.0,0.0,300.0,10.0,3.0,0.0,0.0,19.0,7.0,2.0,3.0
2022-03-28,8582.0,910.0,0.0,25.0,218.0,41.0,37.0,200.0,16.0,3.0,594.0,31.0,36.0,125.0,74.0,300.0,19.0,3.0,12.0,3.0,146.0,35.0,89.0,18.0,7.0,83.0,105.0,59.0,7.0,35.0,3.0,7.0,0.0,287.0,9.0,3.0,0.0,0.0,10.0,7.0,1.0,3.0
2022-03-29,7910.0,793.0,0.0,27.0,203.0,38.0,28.0,186.0,13.0,3.0,555.0,28.0,33.0,109.0,69.0,282.0,15.0,2.0,11.0,3.0,136.0,33.0,72.0,16.0,6.0,75.0,94.0,58.0,7.0,33.0,2.0,7.0,0.0,276.0,6.0,1.0,0.0,0.0,11.0,5.0,1.0,2.0
2022-03-30,7178.0,694.0,0.0,25.0,190.0,32.0,22.0,179.0,12.0,3.0,516.0,23.0,31.0,100.0,70.0,271.0,15.0,2.0,6.0,3.0,119.0,31.0,63.0,14.0,5.0,65.0,81.0,50.0,7.0,31.0,1.0,6.0,0.0,266.0,6.0,4.0,0.0,0.0,11.0,5.0,1.0,2.0
2022-03-31,6728.0,637.0,0.0,25.0,187.0,32.0,20.0,177.0,13.0,3.0,502.0,21.0,30.0,93.0,70.0,261.0,13.0,2.0,6.0,3.0,115.0,29.0,66.0,14.0,7.0,64.0,76.0,45.0,7.0,28.0,1.0,4.0,0.0,260.0,7.0,4.0,0.0,0.0,9.0,5.0,1.0,2.0
2022-04-01,6335.0,572.0,0.0,25.0,178.0,27.0,22.0,152.0,13.0,2.0,469.0,20.0,33.0,83.0,69.0,244.0,12.0,2.0,6.0,3.0,106.0,26.0,66.0,14.0,7.0,60.0,73.0,44.0,7.0,29.0,1.0,3.0,0.0,244.0,7.0,3.0,0.0,0.0,7.0,4.0,1.0,2.0
2022-04-02,6079.0,531.0,0.0,26.0,165.0,26.0,23.0,134.0,12.0,3.0,454.0,22.0,32.0,78.0,63.0,241.0,11.0,2.0,6.0,3.0,101.0,28.0,62.0,15.0,7.0,60.0,71.0,43.0,6.0,29.0,1.0,4.0,0.0,241.0,7.0,3.0,0.0,0.0,8.0,5.0,1.0,2.0
2022-04-03,5987.0,514.0,0.0,27.0,147.0,24.0,21.0,119.0,10.0,4.0,434.0,25.0,25.0,76.0,61.0,224.0,10.0,2.0,5.0,4.0,90.0,24.0,56.0,15.0,7.0,58.0,62.0,45.0,6.0,26.0,0.0,4.0,0.0,225.0,6.0,3.0,0.0,0.0,8.0,5.0,1.0,2.0
2022-04-04,5679.0,475.0,0.0,26.0,136.0,23.0,21.0,109.0,10.0,3.0,404.0,23.0,26.0,73.0,52.0,205.0,10.0,2.0,5.0,4.0,85.0,24.0,53.0,15.0,6.0,49.0,57.0,45.0,6.0,23.0,0.0,2.0,0.0,198.0,6.0,3.0,0.0,0.0,8.0,4.0,1.0,2.0
2022-04-05,5305.0,439.0,0.0,26.0,130.0,23.0,20.0,95.0,10.0,4.0,381.0,23.0,26.0,61.0,46.0,185.0,9.0,2.0,5.0,5.0,81.0,27.0,53.0,13.0,5.0,46.0,56.0,40.0,7.0,23.0,0.0,2.0,0.0,180.0,5.0,3.0,0.0,0.0,7.0,4.0,1.0,1.0
2022-04-06,4893.0,399.0,0.0,21.0,99.0,19.0,18.0,74.0,10.0,4.0,368.0,23.0,22.0,58.0,43.0,175.0,6.0,2.0,3.0,5.0,65.0,23.0,50.0,12.0,4.0,42.0,42.0,33.0,7.0,20.0,0.0,1.0,0.0,173.0,8.0,3.0,0.0,0.0,5.0,3.0,1.0,0.0
2022-04-07,4644.0,369.0,0.0,19.0,82.0,18.0,17.0,42.0,10.0,4.0,334.0,24.0,20.0,62.0,43.0,151.0,6.0,3.0,3.0,5.0,59.0,22.0,43.0,12.0,3.0,41.0,38.0,28.0,5.0,18.0,0.0,1.0,0.0,153.0,9.0,3.0,0.0,0.0,5.0,3.0,1.0,0.0
2022-04-08,4482.0,356.0,0.0,19.0,70.0,17.0,16.0,40.0,9.0,6.0,319.0,24.0,19.0,57.0,44.0,147.0,5.0,4.0,2.0,5.0,58.0,21.0,41.0,10.0,3.0,37.0,37.0,25.0,4.0,9.0,0.0,1.0,0.0,148.0,8.0,3.0,0.0,0.0,7.0,2.0,1.0,0.0
2022-04-09,4302.0,334.0,0.0,16.0,60.0,18.0,17.0,34.0,8.0,6.0,303.0,22.0,17.0,53.0,44.0,135.0,4.0,4.0,2.0,6.0,57.0,19.0,41.0,10.0,3.0,36.0,36.0,26.0,3.0,12.0,0.0,1.0,0.0,135.0,8.0,3.0,0.0,0.0,6.0,2.0,1.0,0.0
2022-04-10,4176.0,328.0,0.0,14.0,52.0,16.0,16.0,34.0,8.0,6.0,289.0,21.0,15.0,53.0,51.0,118.0,3.0,4.0,2.0,5.0,50.0,17.0,39.0,10.0,4.0,36.0,30.0,27.0,3.0,12.0,0.0,1.0,0.0,125.0,8.0,3.0,0.0,0.0,6.0,1.0,1.0,0.0
2022-04-11,4187.0,322.0,0.0,14.0,48.0,12.0,11.0,29.0,8.0,6.0,278.0,27.0,14.0,46.0,59.0,108.0,2.0,4.0,1.0,5.0,46.0,17.0,38.0,8.0,4.0,35.0,29.0,29.0,2.0,11.0,0.0,1.0,0.0,119.0,7.0,3.0,0.0,0.0,7.0,1.0,1.0,0.0
2022-04-12,4161.0,334.0,0.0,13.0,48.0,13.0,11.0,25.0,8.0,6.0,276.0,26.0,15.0,42.0,64.0,102.0,1.0,4.0,1.0,5.0,51.0,18.0,37.0,8.0,4.0,33.0,29.0,32.0,2.0,11.0,0.0,2.0,0.0,111.0,7.0,3.0,0.0,0.0,7.0,1.0,1.0,0.0
2022-04-13,4077.0,336.0,0.0,11.0,46.0,13.0,11.0,26.0,8.0,6.0,269.0,29.0,13.0,45.0,65.0,100.0,1.0,4.0,1.0,5.0,51.0,18.0,38.0,6.0,4.0,30.0,30.0,32.0,3.0,13.0,0.0,2.0,0.0,110.0,7.0,3.0,0.0,0.0,6.0,1.0,1.0,0.0
2022-04-14,3940.0,324.0,0.0,11.0,36.0,11.0,10.0,25.0,7.0,6.0,262.0,30.0,12.0,38.0,61.0,88.0,1.0,5.0,1.0,5.0,51.0,17.0,39.0,6.0,3.0,33.0,30.0,32.0,3.0,15.0,0.0,2.0,0.0,98.0,6.0,0.0,0.0,0.0,7.0,1.0,1.0,0.0
2022-04-15,3792.0,313.0,0.0,10.0,32.0,12.0,10.0,23.0,6.0,6.0,251.0,29.0,11.0,34.0,59.0,83.0,1.0,4.0,1.0,4.0,49.0,14.0,37.0,5.0,1.0,28.0,27.0,31.0,3.0,15.0,0.0,2.0,0.0,92.0,5.0,1.0,0.0,0.0,7.0,1.0,0.0,0.0
2022-04-16,3656.0,305.0,0.0,9.0,31.0,10.0,9.0,23.0,7.0,6.0,241.0,29.0,9.0,32.0,56.0,80.0,0.0,3.0,1.0,4.0,46.0,15.0,33.0,4.0,1.0,25.0,26.0,31.0,3.0,15.0,0.0,2.0,0.0,88.0,4.0,1.0,0.0,0.0,6.0,1.0,0.0,0.0
2022-04-17,3496.0,292.0,0.0,7.0,31.0,9.0,7.0,21.0,7.0,5.0,229.0,28.0,9.0,29.0,53.0,69.0,0.0,3.0,0.0,4.0,41.0,14.0,29.0,2.0,1.0,22.0,21.0,27.0,3.0,18.0,0.0,1.0,0.0,80.0,4.0,1.0,0.0,0.0,5.0,0.0,0.0,0.0
2022-04-18,3347.0,276.0,0.0,5.0,28.0,10.0,9.0,19.0,8.0,4.0,221.0,25.0,9.0,29.0,52.0,71.0,0.0,3.0,0.0,2.0,37.0,13.0,31.0,2.0,1.0,22.0,19.0,21.0,3.0,18.0,0.0,1.0,0.0,82.0,4.0,1.0,0.0,0.0,6.0,0.0,0.0,0.0
2022-04-19,3323.0,279.0,0.0,5.0,27.0,11.0,10.0,22.0,9.0,5.0,223.0,25.0,11.0,28.0,51.0,72.0,0.0,3.0,0.0,2.0,35.0,11.0,31.0,2.0,1.0,24.0,19.0,20.0,3.0,18.0,0.0,1.0,0.0,84.0,4.0,2.0,0.0,0.0,7.0,0.0,0.0,0.0
2022-04-20,3294.0,284.0,0.0,5.0,30.0,12.0,10.0,20.0,9.0,4.0,214.0,27.0,12.0,28.0,53.0,72.0,0.0,3.0,0.0,1.0,34.0,7.0,31.0,3.0,1.0,27.0,18.0,19.0,2.0,17.0,0.0,1.0,0.0,83.0,4.0,2.0,0.0,0.0,7.0,0.0,0.0,0.0
2022-04-21,3289.0,289.0,0.0,7.0,32.0,12.0,9.0,19.0,10.0,4.0,210.0,28.0,11.0,28.0,53.0,69.0,0.0,3.0,0.0,1.0,33.0,7.0,30.0,3.0,1.0,26.0,18.0,20.0,2.0,17.0,0.0,1.0,0.0,81.0,3.0,2.0,0.0,0.0,7.0,0.0,0.0,0.0
2022-04-22,3221.0,286.0,0.0,7.0,32.0,12.0,9.0,20.0,10.0,4.0,207.0,31.0,12.0,23.0,50.0,69.0,0.0,2.0,2.0,1.0,31.0,9.0,30.0,4.0,1.0,26.0,17.0,19.0,2.0,17.0,0.0,1.0,0.0,79.0,3.0,2.0,0.0,0.0,7.0,0.0,0.0,0.0
2022-04-23,3052.0,274.0,0.0,3.0,32.0,11.0,8.0,20.0,10.0,2.0,188.0,26.0,12.0,20.0,47.0,59.0,0.0,1.0,2.0,1.0,29.0,10.0,27.0,7.0,1.0,24.0,16.0,20.0,2.0,17.0,0.0,1.0,0.0,68.0,3.0,2.0,0.0,0.0,7.0,0.0,0.0,0.0
2022-04-24,2879.0,263.0,0.0,4.0,31.0,10.0,6.0,19.0,10.0,2.0,177.0,27.0,11.0,20.0,44.0,57.0,0.0,1.0,2.0,0.0,26.0,9.0,27.0,7.0,1.0,24.0,15.0,15.0,2.0,11.0,0.0,1.0,0.0,65.0,3.0,2.0,0.0,0.0,6.0,0.0,0.0,0.0
2022-04-25,2859.0,260.0,0.0,5.0,31.0,10.0,9.0,16.0,12.0,2.0,171.0,27.0,12.0,19.0,36.0,56.0,0.0,1.0,2.0,0.0,25.0,8.0,27.0,7.0,0.0,23.0,15.0,17.0,2.0,11.0,0.0,1.0,0.0,59.0,3.0,2.0,0.0,0.0,6.0,0.0,0.0,0.0
2022-04-26,2778.0,244.0,0.0,7.0,33.0,10.0,9.0,19.0,16.0,3.0,165.0,25.0,12.0,21.0,26.0,54.0,0.0,1.0,2.0,0.0,21.0,8.0,29.0,7.0,0.0,25.0,12.0,18.0,2.0,11.0,1.0,1.0,0.0,56.0,3.0,2.0,0.0,0.0,5.0,1.0,0.0,0.0
2022-04-27,2712.0,232.0,0.0,8.0,31.0,9.0,9.0,19.0,15.0,3.0,159.0,27.0,12.0,23.0,24.0,55.0,0.0,1.0,2.0,0.0,16.0,7.0,30.0,7.0,0.0,27.0,11.0,16.0,2.0,10.0,1.0,0.0,0.0,55.0,3.0,2.0,0.0,0.0,6.0,1.0,0.0,0.0
2022-04-28,2603.0,218.0,0.0,8.0,27.0,9.0,9.0,19.0,16.0,3.0,149.0,26.0,12.0,20.0,22.0,52.0,0.0,1.0,2.0,1.0,14.0,7.0,32.0,7.0,0.0,25.0,11.0,15.0,1.0,8.0,1.0,0.0,0.0,51.0,3.0,2.0,0.0,0.0,6.0,1.0,0.0,0.0
2022-04-29,2561.0,217.0,0.0,14.0,28.0,9.0,9.0,19.0,16.0,3.0,139.0,31.0,11.0,18.0,22.0,46.0,0.0,0.0,3.0,1.0,13.0,8.0,29.0,6.0,0.0,22.0,12.0,14.0,1.0,8.0,1.0,0.0,0.0,46.0,3.0,2.0,0.0,0.0,5.0,1.0,0.0,0.0
2022-04-30,2512.0,216.0,0.0,14.0,27.0,6.0,9.0,20.0,16.0,3.0,133.0,32.0,10.0,16.0,22.0,45.0,0.0,0.0,3.0,1.0,15.0,8.0,27.0,7.0,0.0,21.0,12.0,15.0,1.0,6.0,1.0,0.0,0.0,46.0,3.0,1.0,0.0,0.0,5.0,2.0,0.0,0.0
2022-05-01,2437.0,211.0,0.0,15.0,24.0,6.0,7.0,18.0,16.0,3.0,139.0,34.0,9.0,15.0,21.0,48.0,0.0,0.0,3.0,1.0,14.0,8.0,25.0,7.0,0.0,20.0,11.0,17.0,1.0,5.0,1.0,0.0,0.0,49.0,4.0,1.0,0.0,0.0,6.0,2.0,0.0,0.0
2022-05-02,2440.0,228.0,0.0,16.0,21.0,4.0,7.0,19.0,19.0,4.0,149.0,34.0,9.0,14.0,20.0,50.0,0.0,0.0,3.0,1.0,14.0,10.0,27.0,8.0,0.0,23.0,14.0,19.0,1.0,3.0,1.0,0.0,0.0,52.0,4.0,1.0,0.0,0.0,6.0,2.0,0.0,0.0
2022-05-03,2347.0,224.0,0.0,18.0,24.0,3.0,5.0,18.0,19.0,4.0,156.0,39.0,9.0,14.0,20.0,51.0,1.0,0.0,3.0,1.0,12.0,10.0,24.0,8.0,0.0,20.0,13.0,19.0,1.0,4.0,1.0,0.0,0.0,52.0,4.0,1.0,0.0,0.0,5.0,2.0,0.0,0.0
2022-05-04,2231.0,214.0,0.0,18.0,25.0,2.0,4.0,15.0,18.0,3.0,150.0,41.0,6.0,14.0,21.0,45.0,1.0,0.0,4.0,1.0,12.0,10.0,25.0,8.0,0.0,18.0,12.0,19.0,1.0,4.0,1.0,0.0,0.0,45.0,4.0,1.0,0.0,0.0,4.0,2.0,0.0,0.0
2022-05-05,2236.0,207.0,0.0,19.0,23.0,1.0,4.0,15.0,17.0,4.0,141.0,39.0,5.0,13.0,19.0,41.0,1.0,0.0,4.0,1.0,13.0,8.0,24.0,7.0,0.0,14.0,13.0,20.0,1.0,4.0,1.0,0.0,0.0,41.0,4.0,1.0,0.0,0.0,4.0,2.0,0.0,0.0
2022-05-06,2151.0,202.0,0.0,18.0,22.0,1.0,4.0,16.0,16.0,4.0,137.0,38.0,5.0,13.0,20.0,45.0,1.0,0.0,4.0,1.0,14.0,9.0,24.0,6.0,0.0,15.0,15.0,19.0,1.0,4.0,1.0,0.0,0.0,42.0,2.0,1.0,0.0,0.0,4.0,2.0,0.0,0.0
2022-05-07,2027.0,198.0,0.0,18.0,22.0,1.0,4.0,14.0,14.0,3.0,132.0,33.0,3.0,15.0,19.0,43.0,1.0,0.0,2.0,1.0,16.0,7.0,22.0,5.0,0.0,16.0,16.0,20.0,1.0,4.0,1.0,0.0,0.0,40.0,1.0,1.0,0.0,0.0,4.0,2.0,0.0,0.0
2022-05-08,2037.0,200.0,0.0,18.0,20.0,1.0,4.0,12.0,14.0,3.0,137.0,34.0,3.0,16.0,19.0,46.0,1.0,0.0,2.0,2.0,15.0,6.0,22.0,2.0,0.0,16.0,14.0,19.0,1.0,4.0,1.0,0.0,0.0,42.0,2.0,1.0,0.0,0.0,2.0,2.0,0.0,0.0
2022-05-09,2061.0,208.0,0.0,17.0,20.0,1.0,4.0,14.0,14.0,3.0,137.0,33.0,3.0,15.0,19.0,47.0,1.0,0.0,2.0,2.0,15.0,6.0,23.0,2.0,0.0,17.0,14.0,20.0,1.0,4.0,1.0,0.0,0.0,44.0,2.0,1.0,0.0,0.0,2.0,2.0,0.0,0.0
2022-05-10,1928.0,195.0,0.0,16.0,17.0,1.0,0.0,13.0,12.0,3.0,134.0,32.0,2.0,15.0,20.0,45.0,1.0,0.0,2.0,2.0,16.0,6.0,24.0,3.0,0.0,18.0,15.0,16.0,1.0,4.0,1.0,0.0,0.0,42.0,2.0,1.0,0.0,0.0,2.0,2.0,0.0,0.0
2022-05-11,1837.0,187.0,0.0,15.0,15.0,1.0,0.0,9.0,8.0,2.0,130.0,29.0,2.0,14.0,23.0,42.0,1.0,0.0,2.0,2.0,15.0,6.0,21.0,4.0,0.0,15.0,14.0,12.0,1.0,4.0,0.0,0.0,0.0,37.0,2.0,1.0,0.0,0.0,2.0,1.0,0.0,0.0
2022-05-12,1781.0,179.0,0.0,15.0,13.0,1.0,0.0,9.0,8.0,2.0,122.0,28.0,1.0,12.0,20.0,39.0,1.0,0.0,2.0,2.0,16.0,6.0,20.0,4.0,0.0,13.0,14.0,12.0,0.0,4.0,0.0,0.0,0.0,35.0,2.0,1.0,0.0,0.0,1.0,1.0,0.0,0.0
2022-05-13,1723.0,170.0,0.0,14.0,13.0,1.0,0.0,7.0,7.0,2.0,119.0,29.0,1.0,12.0,21.0,36.0,1.0,0.0,2.0,1.0,14.0,6.0,17.0,5.0,0.0,14.0,12.0,12.0,0.0,5.0,0.0,0.0,0.0,32.0,2.0,1.0,0.0,0.0,1.0,1.0,0.0,0.0
2022-05-14,1648.0,160.0,0.0,9.0,13.0,1.0,0.0,6.0,8.0,3.0,119.0,26.0,2.0,12.0,20.0,36.0,1.0,0.0,1.0,1.0,13.0,5.0,17.0,5.0,0.0,13.0,9.0,12.0,0.0,3.0,0.0,0.0,0.0,32.0,3.0,1.0,0.0,0.0,1.0,1.0,0.0,0.0
2022-05-15,1643.0,150.0,0.0,10.0,13.0,1.0,1.0,5.0,9.0,4.0,118.0,27.0,4.0,12.0,21.0,38.0,1.0,0.0,2.0,1.0,11.0,6.0,16.0,4.0,0.0,14.0,9.0,13.0,0.0,3.0,0.0,0.0,0.0,33.0,3.0,1.0,0.0,0.0,1.0,0.0,0.0,0.0
2022-05-16,1642.0,145.0,0.0,9.0,14.0,2.0,1.0,5.0,8.0,4.0,110.0,29.0,4.0,10.0,21.0,35.0,1.0,0.0,2.0,1.0,10.0,5.0,17.0,4.0,0.0,14.0,8.0,10.0,0.0,4.0,0.0,0.0,0.0,32.0,2.0,1.0,0.0,0.0,0.0,0.0,0.0,0.0
2022-05-17,1649.0,135.0,0.0,8.0,16.0,3.0,1.0,4.0,6.0,4.0,105.0,28.0,3.0,13.0,22.0,36.0,1.0,0.0,2.0,1.0,11.0,3.0,18.0,3.0,0.0,10.0,6.0,9.0,1.0,3.0,0.0,0.0,0.0,30.0,3.0,1.0,0.0,0.0,0.0,0.0,1.0,0.0
2022-05-18,1601.0,132.0,0.0,6.0,16.0,3.0,1.0,6.0,5.0,4.0,100.0,23.0,4.0,12.0,23.0,35.0,0.0,0.0,2.0,2.0,12.0,3.0,18.0,3.0,0.0,12.0,6.0,8.0,1.0,2.0,0.0,0.0,0.0,30.0,3.0,1.0,0.0,0.0,0.0,0.0,2.0,0.0
2022-05-19,1633.0,129.0,0.0,6.0,14.0,3.0,1.0,5.0,5.0,4.0,110.0,22.0,4.0,12.0,22.0,38.0,0.0,0.0,1.0,2.0,13.0,3.0,18.0,3.0,0.0,12.0,6.0,10.0,1.0,2.0,0.0,0.0,0.0,32.0,3.0,0.0,0.0,0.0,0.0,0.0,2.0,0.0
2022-05-20,1660.0,136.0,0.0,8.0,13.0,3.0,1.0,6.0,8.0,4.0,120.0,23.0,7.0,14.0,27.0,40.0,0.0,0.0,1.0,2.0,12.0,4.0,17.0,3.0,0.0,13.0,5.0,9.0,2.0,2.0,0.0,0.0,0.0,34.0,3.0,0.0,0.0,0.0,0.0,0.0,2.0,0.0
2022-05-21,1738.0,143.0,0.0,7.0,12.0,3.0,1.0,5.0,7.0,5.0,126.0,21.0,7.0,13.0,26.0,40.0,0.0,0.0,1.0,2.0,14.0,4.0,18.0,3.0,0.0,14.0,5.0,11.0,2.0,2.0,0.0,1.0,0.0,34.0,3.0,0.0,0.0,0.0,0.0,1.0,2.0,0.0
2022-05-22,2006.0,165.0,0.0,10.0,16.0,7.0,3.0,10.0,7.0,6.0,145.0,24.0,9.0,17.0,37.0,51.0,2.0,1.0,4.0,2.0,23.0,4.0,26.0,4.0,2.0,20.0,13.0,16.0,3.0,6.0,0.0,2.0,0.0,44.0,7.0,0.0,0.0,1.0,0.0,1.0,5.0,1.0
2022-05-23,2051.0,167.0,0.0,10.0,18.0,9.0,3.0,11.0,9.0,8.0,146.0,25.0,9.0,18.0,38.0,50.0,2.0,1.0,5.0,1.0,28.0,5.0,30.0,4.0,2.0,20.0,14.0,19.0,3.0,8.0,0.0,2.0,0.0,43.0,8.0,0.0,0.0,1.0,0.0,2.0,6.0,2.0
2022-05-24,2114.0,163.0,0.0,11.0,20.0,9.0,3.0,12.0,10.0,8.0,160.0,28.0,10.0,20.0,38.0,48.0,2.0,1.0,5.0,1.0,31.0,5.0,29.0,7.0,2.0,20.0,16.0,21.0,3.0,10.0,0.0,2.0,0.0,41.0,8.0,0.0,0.0,1.0,0.0,2.0,6.0,2.0
2022-05-25,2242.0,179.0,0.0,12.0,20.0,9.0,3.0,12.0,11.0,9.0,161.0,29.0,10.0,21.0,38.0,47.0,2.0,1.0,5.0,2.0,30.0,6.0,32.0,7.0,2.0,20.0,16.0,24.0,3.0,10.0,0.0,2.0,0.0,41.0,8.0,0.0,0.0,1.0,0.0,2.0,6.0,2.0
2022-05-26,2502.0,217.0,0.0,12.0,18.0,9.0,5.0,13.0,14.0,11.0,220.0,30.0,11.0,23.0,40.0,59.0,2.0,1.0,5.0,2.0,37.0,6.0,44.0,7.0,2.0,25.0,21.0,24.0,3.0,11.0,0.0,2.0,0.0,54.0,8.0,0.0,0.0,1.0,0.0,2.0,6.0,2.0
2022-05-27,2528.0,222.0,0.0,11.0,19.0,9.0,5.0,13.0,14.0,11.0,222.0,31.0,13.0,25.0,42.0,59.0,2.0,1.0,5.0,2.0,38.0,6.0,44.0,8.0,2.0,24.0,23.0,24.0,3.0,13.0,0.0,2.0,0.0,55.0,8.0,0.0,0.0,1.0,1.0,2.0,6.0,2.0
2022-05-28,2650.0,226.0,0.0,11.0,22.0,9.0,6.0,15.0,14.0,12.0,227.0,28.0,14.0,28.0,40.0,61.0,3.0,1.0,6.0,2.0,41.0,6.0,66.0,8.0,2.0,28.0,25.0,24.0,3.0,12.0,0.0,2.0,0.0,56.0,8.0,0.0,0.0,1.0,1.0,2.0,6.0,2.0
2022-05-29,2775.0,229.0,0.0,10.0,25.0,13.0,7.0,28.0,14.0,11.0,237.0,27.0,13.0,34.0,42.0,68.0,3.0,1.0,8.0,2.0,48.0,6.0,67.0,8.0,2.0,30.0,29.0,24.0,3.0,13.0,0.0,2.0,0.0,60.0,7.0,0.0,0.0,1.0,1.0,2.0,6.0,2.0
2022-05-30,2847.0,242.0,0.0,9.0,27.0,18.0,8.0,30.0,14.0,10.0,244.0,25.0,13.0,36.0,52.0,72.0,4.0,2.0,8.0,3.0,56.0,9.0,74.0,9.0,3.0,31.0,35.0,25.0,3.0,17.0,0.0,2.0,0.0,63.0,7.0,2.0,0.0,2.0,2.0,2.0,6.0,2.0
2022-05-31,2903.0,244.0,0.0,9.0,26.0,18.0,8.0,30.0,14.0,10.0,253.0,22.0,13.0,38.0,54.0,76.0,4.0,2.0,8.0,3.0,59.0,9.0,76.0,9.0,3.0,31.0,35.0,26.0,3.0,16.0,0.0,2.0,0.0,65.0,10.0,2.0,0.0,2.0,2.0,2.0,6.0,2.0
2022-06-01,2882.0,242.0,0.0,9.0,27.0,18.0,9.0,32.0,13.0,9.0,252.0,22.0,13.0,37.0,52.0,73.0,5.0,2.0,9.0,3.0,59.0,8.0,73.0,9.0,3.0,31.0,35.0,25.0,2.0,16.0,0.0,2.0,1.0,63.0,9.0,2.0,0.0,2.0,2.0,3.0,6.0,3.0
2022-06-02,2916.0,249.0,0.0,9.0,25.0,20.0,9.0,32.0,13.0,10.0,252.0,23.0,12.0,38.0,51.0,73.0,5.0,2.0,11.0,2.0,58.0,9.0,75.0,11.0,3.0,30.0,35.0,27.0,2.0,16.0,0.0,2.0,1.0,63.0,9.0,2.0,0.0,2.0,2.0,3.0,5.0,3.0
2022-06-03,2962.0,263.0,0.0,10.0,27.0,21.0,10.0,34.0,13.0,11.0,249.0,25.0,18.0,37.0,54.0,76.0,5.0,2.0,11.0,2.0,58.0,9.0,77.0,11.0,3.0,31.0,35.0,25.0,2.0,16.0,0.0,2.0,1.0,65.0,9.0,2.0,0.0,2.0,2.0,3.0,5.0,3.0
2022-06-04,2952.0,264.0,0.0,7.0,27.0,22.0,10.0,33.0,10.0,10.0,239.0,24.0,15.0,38.0,50.0,75.0,5.0,2.0,11.0,2.0,57.0,9.0,77.0,11.0,3.0,30.0,35.0,26.0,3.0,16.0,0.0,3.0,1.0,64.0,9.0,2.0,0.0,2.0,2.0,3.0,5.0,3.0
2022-06-05,2892.0,253.0,0.0,7.0,27.0,23.0,10.0,34.0,10.0,9.0,232.0,26.0,15.0,38.0,51.0,71.0,5.0,2.0,11.0,2.0,53.0,9.0,76.0,11.0,3.0,28.0,33.0,24.0,3.0,16.0,0.0,2.0,1.0,61.0,9.0,2.0,0.0,2.0,2.0,2.0,5.0,3.0
2022-06-06,2638.0,224.0,0.0,5.0,22.0,19.0,8.0,29.0,10.0,8.0,215.0,23.0,13.0,32.0,41.0,63.0,3.0,1.0,9.0,2.0,43.0,9.0,69.0,10.0,1.0,20.0,24.0,18.0,2.0,13.0,0.0,1.0,1.0,52.0,5.0,2.0,0.0,1.0,2.0,2.0,2.0,2.0
2022-06-07,2654.0,223.0,0.0,6.0,20.0,17.0,8.0,30.0,9.0,6.0,220.0,23.0,13.0,30.0,39.0,65.0,3.0,2.0,8.0,2.0,39.0,8.0,65.0,10.0,1.0,20.0,25.0,15.0,2.0,11.0,0.0,1.0,1.0,55.0,3.0,2.0,0.0,1.0,2.0,1.0,1.0,1.0
2022-06-08,2688.0,221.0,0.0,5.0,17.0,17.0,8.0,27.0,8.0,6.0,213.0,20.0,13.0,30.0,38.0,68.0,4.0,2.0,8.0,2.0,40.0,8.0,66.0,8.0,1.0,20.0,26.0,14.0,2.0,10.0,0.0,1.0,1.0,58.0,3.0,2.0,0.0,1.0,2.0,1.0,2.0,1.0
2022-06-09,2684.0,211.0,0.0,4.0,17.0,17.0,9.0,27.0,7.0,5.0,209.0,20.0,13.0,34.0,37.0,70.0,4.0,2.0,8.0,1.0,41.0,7.0,63.0,7.0,1.0,20.0,27.0,11.0,2.0,11.0,0.0,1.0,1.0,59.0,3.0,2.0,0.0,1.0,2.0,1.0,2.0,1.0
2022-06-10,2485.0,179.0,0.0,3.0,17.0,17.0,8.0,27.0,4.0,3.0,149.0,18.0,12.0,39.0,35.0,60.0,4.0,2.0,8.0,1.0,36.0,8.0,51.0,6.0,1.0,15.0,23.0,11.0,2.0,12.0,0.0,1.0,1.0,48.0,3.0,2.0,0.0,1.0,2.0,1.0,2.0,1.0
2022-06-11,2475.0,177.0,0.0,3.0,16.0,18.0,8.0,27.0,4.0,3.0,146.0,16.0,10.0,40.0,34.0,57.0,4.0,2.0,8.0,2.0,33.0,8.0,50.0,5.0,1.0,16.0,22.0,11.0,2.0,10.0,0.0,1.0,1.0,44.0,3.0,2.0,0.0,1.0,1.0,1.0,2.0,1.0
2022-06-12,2378.0,171.0,0.0,3.0,13.0,17.0,7.0,25.0,4.0,2.0,141.0,16.0,9.0,38.0,35.0,55.0,3.0,2.0,7.0,2.0,30.0,10.0,28.0,4.0,1.0,11.0,21.0,12.0,2.0,10.0,0.0,1.0,1.0,42.0,3.0,2.0,0.0,1.0,3.0,1.0,2.0,1.0
2022-06-13,2260.0,175.0,0.0,3.0,9.0,13.0,6.0,12.0,3.0,2.0,129.0,14.0,9.0,33.0,33.0,49.0,3.0,2.0,5.0,2.0,24.0,10.0,27.0,4.0,1.0,10.0,19.0,12.0,2.0,9.0,0.0,1.0,1.0,38.0,3.0,2.0,0.0,1.0,3.0,2.0,2.0,1.0
2022-06-14,2261.0,163.0,0.0,3.0,7.0,8.0,4.0,11.0,1.0,2.0,125.0,15.0,7.0,32.0,21.0,45.0,2.0,1.0,4.0,1.0,17.0,6.0,20.0,3.0,0.0,8.0,13.0,9.0,2.0,5.0,0.0,1.0,1.0,36.0,3.0,0.0,0.0,0.0,2.0,2.0,2.0,1.0
2022-06-15,2244.0,165.0,0.0,3.0,9.0,8.0,4.0,11.0,1.0,2.0,119.0,16.0,7.0,31.0,18.0,41.0,2.0,2.0,4.0,1.0,16.0,6.0,17.0,3.0,0.0,9.0,13.0,8.0,2.0,5.0,0.0,1.0,1.0,31.0,0.0,0.0,0.0,0.0,2.0,3.0,2.0,1.0
2022-06-16,2220.0,170.0,0.0,4.0,6.0,8.0,3.0,11.0,1.0,2.0,121.0,18.0,7.0,30.0,18.0,42.0,1.0,2.0,4.0,1.0,16.0,7.0,19.0,3.0,1.0,10.0,13.0,8.0,2.0,6.0,0.0,1.0,0.0,33.0,0.0,0.0,0.0,0.0,2.0,2.0,1.0,0.0
2022-06-17,2251.0,174.0,0.0,4.0,7.0,7.0,3.0,10.0,2.0,1.0,128.0,17.0,7.0,33.0,18.0,42.0,1.0,2.0,2.0,1.0,19.0,7.0,19.0,1.0,1.0,9.0,15.0,8.0,2.0,6.0,0.0,1.0,0.0,32.0,0.0,0.0,0.0,0.0,2.0,2.0,1.0,0.0
2022-06-18,2195.0,161.0,0.0,3.0,5.0,6.0,2.0,8.0,3.0,0.0,122.0,14.0,3.0,33.0,15.0,39.0,2.0,2.0,2.0,1.0,18.0,7.0,17.0,1.0,1.0,9.0,16.0,8.0,2.0,6.0,0.0,1.0,0.0,31.0,0.0,0.0,0.0,0.0,3.0,2.0,1.0,0.0
2022-06-19,2119.0,152.0,0.0,3.0,6.0,5.0,2.0,10.0,3.0,0.0,121.0,13.0,4.0,32.0,16.0,40.0,2.0,2.0,2.0,1.0,19.0,6.0,17.0,1.0,1.0,11.0,17.0,8.0,1.0,6.0,0.0,0.0,0.0,31.0,0.0,0.0,0.0,0.0,3.0,2.0,1.0,0.0
2022-06-20,2134.0,153.0,0.0,6.0,6.0,4.0,2.0,10.0,3.0,0.0,124.0,11.0,4.0,34.0,17.0,44.0,2.0,2.0,2.0,1.0,21.0,6.0,17.0,1.0,1.0,11.0,18.0,8.0,1.0,6.0,0.0,0.0,0.0,35.0,0.0,0.0,0.0,0.0,3.0,2.0,1.0,0.0
2022-06-21,2185.0,155.0,0.0,7.0,6.0,4.0,2.0,10.0,3.0,0.0,132.0,14.0,4.0,38.0,15.0,42.0,2.0,2.0,1.0,1.0,22.0,6.0,18.0,1.0,1.0,13.0,18.0,8.0,1.0,5.0,0.0,0.0,0.0,35.0,0.0,0.0,0.0,0.0,3.0,2.0,1.0,0.0
2022-06-22,2172.0,152.0,0.0,7.0,6.0,4.0,2.0,9.0,2.0,0.0,125.0,13.0,4.0,38.0,17.0,38.0,2.0,1.0,2.0,1.0,23.0,6.0,20.0,1.0,1.0,17.0,16.0,7.0,1.0,6.0,0.0,0.0,0.0,31.0,0.0,0.0,0.0,0.0,3.0,2.0,1.0,0.0
2022-06-23,2060.0,153.0,0.0,7.0,6.0,4.0,2.0,9.0,2.0,0.0,116.0,13.0,3.0,36.0,16.0,35.0,1.0,1.0,2.0,1.0,20.0,6.0,18.0,0.0,1.0,16.0,14.0,5.0,1.0,5.0,0.0,0.0,0.0,29.0,0.0,0.0,0.0,0.0,3.0,2.0,0.0,0.0
2022-06-24,2021.0,154.0,0.0,7.0,6.0,4.0,2.0,11.0,2.0,0.0,114.0,12.0,3.0,32.0,15.0,35.0,1.0,1.0,3.0,1.0,19.0,6.0,17.0,0.0,1.0,15.0,12.0,7.0,1.0,4.0,0.0,0.0,0.0,29.0,0.0,0.0,0.0,0.0,3.0,3.0,0.0,0.0
2022-06-25,2008.0,149.0,0.0,7.0,8.0,4.0,1.0,11.0,3.0,0.0,119.0,13.0,3.0,27.0,13.0,36.0,1.0,1.0,3.0,1.0,17.0,5.0,18.0,0.0,1.0,17.0,12.0,9.0,1.0,3.0,0.0,0.0,0.0,30.0,1.0,0.0,0.0,0.0,3.0,3.0,0.0,0.0
2022-06-26,1987.0,142.0,0.0,7.0,8.0,3.0,1.0,11.0,3.0,0.0,116.0,14.0,3.0,26.0,12.0,35.0,1.0,1.0,3.0,0.0,17.0,5.0,20.0,0.0,1.0,17.0,11.0,8.0,1.0,3.0,0.0,0.0,0.0,29.0,1.0,0.0,0.0,0.0,3.0,3.0,0.0,0.0
2022-06-27,2056.0,156.0,0.0,7.0,9.0,3.0,3.0,11.0,3.0,0.0,122.0,16.0,3.0,29.0,11.0,37.0,1.0,1.0,3.0,2.0,19.0,3.0,21.0,0.0,1.0,17.0,12.0,8.0,1.0,3.0,0.0,0.0,0.0,32.0,1.0,1.0,0.0,0.0,1.0,3.0,0.0,0.0
2022-06-28,2056.0,162.0,0.0,7.0,11.0,3.0,3.0,11.0,3.0,0.0,121.0,16.0,4.0,30.0,13.0,34.0,1.0,1.0,3.0,2.0,19.0,5.0,21.0,1.0,2.0,18.0,10.0,10.0,1.0,3.0,0.0,0.0,0.0,30.0,1.0,1.0,0.0,0.0,1.0,2.0,0.0,0.0
2022-06-29,2067.0,170.0,0.0,8.0,12.0,3.0,3.0,11.0,4.0,0.0,123.0,16.0,4.0,32.0,16.0,35.0,1.0,1.0,3.0,2.0,21.0,5.0,20.0,2.0,2.0,20.0,14.0,10.0,1.0,3.0,0.0,0.0,0.0,32.0,1.0,1.0,0.0,0.0,2.0,2.0,0.0,0.0
2022-06-30,2055.0,169.0,0.0,8.0,10.0,2.0,3.0,12.0,7.0,0.0,118.0,14.0,4.0,32.0,17.0,36.0,1.0,0.0,3.0,2.0,19.0,5.0,20.0,2.0,2.0,20.0,14.0,11.0,1.0,4.0,0.0,0.0,0.0,34.0,1.0,1.0,0.0,0.0,2.0,1.0,0.0,0.0
2022-07-01,2092.0,163.0,0.0,7.0,12.0,1.0,3.0,11.0,7.0,0.0,112.0,15.0,4.0,34.0,19.0,36.0,1.0,0.0,2.0,2.0,18.0,4.0,20.0,2.0,1.0,21.0,13.0,12.0,1.0,3.0,0.0,0.0,0.0,35.0,1.0,1.0,0.0,0.0,2.0,1.0,0.0,0.0
2022-07-02,2011.0,154.0,0.0,7.0,12.0,0.0,3.0,11.0,6.0,0.0,102.0,16.0,4.0,33.0,19.0,35.0,1.0,0.0,2.0,2.0,15.0,3.0,18.0,2.0,1.0,21.0,11.0,11.0,1.0,3.0,0.0,0.0,0.0,35.0,1.0,1.0,0.0,0.0,3.0,1.0,0.0,0.0
2022-07-03,2029.0,156.0,0.0,7.0,12.0,0.0,3.0,12.0,5.0,0.0,98.0,18.0,3.0,34.0,22.0,33.0,0.0,0.0,2.0,2.0,15.0,3.0,20.0,2.0,1.0,22.0,10.0,12.0,1.0,3.0,0.0,0.0,0.0,33.0,1.0,1.0,0.0,0.0,2.0,1.0,0.0,0.0
2022-07-04,2012.0,158.0,0.0,7.0,12.0,0.0,3.0,11.0,5.0,1.0,98.0,18.0,4.0,33.0,20.0,31.0,0.0,0.0,2.0,2.0,14.0,3.0,21.0,2.0,1.0,21.0,9.0,14.0,0.0,3.0,0.0,0.0,0.0,32.0,1.0,1.0,0.0,0.0,2.0,1.0,0.0,0.0
2022-07-05,2000.0,160.0,0.0,4.0,12.0,1.0,3.0,10.0,5.0,1.0,97.0,17.0,4.0,32.0,18.0,29.0,0.0,0.0,2.0,2.0,13.0,2.0,22.0,2.0,1.0,21.0,9.0,15.0,0.0,4.0,0.0,0.0,0.0,29.0,1.0,1.0,0.0,0.0,2.0,1.0,0.0,0.0
2022-07-06,1923.0,156.0,0.0,2.0,12.0,1.0,3.0,10.0,5.0,1.0,92.0,16.0,4.0,30.0,19.0,29.0,0.0,0.0,2.0,2.0,11.0,2.0,20.0,2.0,1.0,19.0,10.0,15.0,0.0,4.0,0.0,0.0,0.0,29.0,1.0,1.0,0.0,0.0,2.0,1.0,0.0,0.0
2022-07-07,1813.0,157.0,0.0,1.0,13.0,1.0,4.0,10.0,6.0,1.0,88.0,16.0,4.0,29.0,18.0,29.0,0.0,0.0,1.0,2.0,10.0,2.0,19.0,2.0,1.0,17.0,11.0,15.0,0.0,3.0,0.0,0.0,0.0,29.0,1.0,1.0,0.0,0.0,2.0,1.0,0.0,0.0
2022-07-08,1833.0,153.0,0.0,2.0,14.0,1.0,4.0,11.0,6.0,1.0,92.0,16.0,4.0,29.0,19.0,28.0,0.0,0.0,1.0,2.0,11.0,2.0,21.0,4.0,1.0,18.0,12.0,15.0,0.0,3.0,0.0,0.0,0.0,28.0,1.0,1.0,0.0,0.0,2.0,1.0,0.0,0.0
2022-07-09,1827.0,151.0,0.0,2.0,14.0,2.0,4.0,11.0,6.0,1.0,99.0,16.0,4.0,32.0,22.0,29.0,0.0,0.0,0.0,3.0,12.0,5.0,21.0,4.0,1.0,20.0,13.0,14.0,1.0,5.0,0.0,0.0,0.0,28.0,1.0,1.0,0.0,0.0,2.0,0.0,0.0,0.0
2022-07-10,1872.0,153.0,0.0,2.0,12.0,2.0,4.0,11.0,5.0,1.0,105.0,15.0,4.0,32.0,21.0,26.0,0.0,0.0,0.0,3.0,13.0,6.0,19.0,4.0,1.0,17.0,12.0,12.0,1.0,4.0,0.0,0.0,0.0,26.0,0.0,2.0,0.0,0.0,2.0,0.0,0.0,0.0
2022-07-11,1886.0,151.0,0.0,2.0,13.0,2.0,4.0,12.0,5.0,1.0,107.0,14.0,5.0,31.0,22.0,26.0,0.0,0.0,0.0,3.0,14.0,6.0,18.0,4.0,1.0,16.0,13.0,12.0,1.0,4.0,0.0,0.0,0.0,26.0,2.0,2.0,0.0,0.0,2.0,0.0,0.0,0.0
2022-07-12,1855.0,141.0,0.0,2.0,13.0,3.0,3.0,14.0,9.0,1.0,110.0,12.0,5.0,27.0,23.0,28.0,0.0,0.0,0.0,2.0,12.0,6.0,19.0,4.0,2.0,20.0,12.0,12.0,1.0,8.0,0.0,1.0,0.0,26.0,3.0,1.0,0.0,0.0,3.0,1.0,0.0,1.0
2022-07-13,1843.0,133.0,0.0,2.0,11.0,3.0,3.0,14.0,9.0,1.0,110.0,12.0,4.0,26.0,20.0,29.0,1.0,0.0,0.0,2.0,12.0,5.0,18.0,3.0,1.0,18.0,13.0,11.0,1.0,9.0,0.0,1.0,0.0,27.0,3.0,1.0,0.0,0.0,3.0,1.0,0.0,1.0
2022-07-14,1737.0,126.0,0.0,1.0,10.0,3.0,3.0,13.0,8.0,1.0,100.0,11.0,4.0,23.0,17.0,23.0,1.0,0.0,0.0,2.0,9.0,5.0,19.0,2.0,1.0,16.0,9.0,11.0,1.0,10.0,0.0,1.0,0.0,20.0,3.0,1.0,0.0,1.0,2.0,1.0,0.0,1.0
2022-07-15,1704.0,119.0,0.0,1.0,12.0,3.0,3.0,12.0,5.0,1.0,102.0,13.0,4.0,23.0,21.0,23.0,1.0,0.0,0.0,2.0,12.0,5.0,20.0,2.0,1.0,15.0,9.0,10.0,1.0,9.0,0.0,1.0,0.0,19.0,3.0,1.0,0.0,1.0,2.0,1.0,0.0,1.0
2022-07-16,1595.0,114.0,0.0,1.0,11.0,3.0,4.0,11.0,5.0,1.0,98.0,10.0,4.0,19.0,20.0,21.0,1.0,0.0,0.0,2.0,11.0,5.0,18.0,2.0,1.0,13.0,9.0,9.0,1.0,9.0,0.0,1.0,0.0,16.0,3.0,1.0,0.0,1.0,2.0,1.0,0.0,1.0
2022-07-17,1567.0,111.0,0.0,2.0,9.0,3.0,4.0,10.0,5.0,1.0,101.0,9.0,4.0,18.0,20.0,21.0,1.0,0.0,0.0,2.0,12.0,5.0,18.0,2.0,1.0,14.0,10.0,8.0,1.0,9.0,0.0,1.0,0.0,16.0,3.0,1.0,0.0,1.0,1.0,1.0,0.0,1.0
2022-07-18,1517.0,108.0,0.0,3.0,9.0,3.0,4.0,9.0,5.0,1.0,107.0,7.0,3.0,21.0,18.0,23.0,1.0,0.0,0.0,2.0,15.0,5.0,16.0,2.0,1.0,13.0,12.0,7.0,1.0,9.0,0.0,1.0,0.0,17.0,3.0,1.0,0.0,1.0,1.0,1.0,0.0,1.0
2022-07-19,1511.0,105.0,0.0,3.0,8.0,4.0,4.0,8.0,5.0,0.0,112.0,7.0,1.0,22.0,19.0,24.0,1.0,0.0,1.0,2.0,16.0,6.0,14.0,2.0,1.0,13.0,12.0,5.0,1.0,9.0,0.0,1.0,0.0,17.0,3.0,1.0,0.0,1.0,1.0,1.0,0.0,1.0
2022-07-20,1475.0,102.0,0.0,3.0,8.0,3.0,4.0,9.0,5.0,0.0,109.0,7.0,1.0,20.0,17.0,23.0,1.0,0.0,1.0,3.0,15.0,6.0,11.0,2.0,1.0,14.0,11.0,4.0,1.0,8.0,0.0,1.0,0.0,16.0,3.0,1.0,0.0,1.0,1.0,1.0,0.0,1.0
2022-07-21,1521.0,107.0,0.0,3.0,9.0,4.0,4.0,10.0,6.0,0.0,103.0,6.0,3.0,20.0,16.0,22.0,1.0,0.0,1.0,3.0,16.0,6.0,11.0,2.0,1.0,14.0,10.0,4.0,1.0,8.0,0.0,1.0,0.0,15.0,3.0,1.0,0.0,1.0,1.0,1.0,0.0,1.0
2022-07-22,1576.0,106.0,0.0,3.0,8.0,4.0,3.0,10.0,5.0,0.0,101.0,8.0,7.0,21.0,15.0,24.0,1.0,0.0,1.0,3.0,18.0,6.0,10.0,2.0,1.0,12.0,10.0,5.0,1.0,8.0,0.0,1.0,0.0,15.0,4.0,1.0,0.0,1.0,1.0,1.0,0.0,1.0
2022-07-23,1507.0,101.0,0.0,2.0,7.0,4.0,3.0,9.0,5.0,0.0,97.0,9.0,7.0,21.0,14.0,25.0,1.0,0.0,1.0,3.0,17.0,6.0,8.0,0.0,1.0,11.0,8.0,5.0,1.0,8.0,0.0,1.0,0.0,15.0,4.0,1.0,0.0,1.0,1.0,1.0,0.0,1.0
2022-07-24,1446.0,95.0,0.0,2.0,7.0,3.0,2.0,7.0,5.0,0.0,90.0,10.0,8.0,18.0,12.0,23.0,1.0,0.0,1.0,2.0,18.0,3.0,9.0,0.0,1.0,9.0,7.0,4.0,0.0,6.0,0.0,1.0,0.0,13.0,4.0,1.0,0.0,1.0,1.0,1.0,0.0,1.0
2022-07-25,1318.0,90.0,0.0,2.0,7.0,3.0,2.0,6.0,6.0,0.0,78.0,9.0,8.0,15.0,14.0,22.0,1.0,0.0,1.0,2.0,18.0,2.0,10.0,0.0,1.0,10.0,7.0,4.0,0.0,6.0,0.0,1.0,0.0,12.0,4.0,0.0,0.0,1.0,1.0,1.0,0.0,1.0
2022-07-26,1274.0,90.0,0.0,2.0,7.0,4.0,3.0,6.0,6.0,0.0,77.0,9.0,7.0,16.0,13.0,24.0,1.0,0.0,1.0,2.0,18.0,2.0,10.0,0.0,1.0,11.0,9.0,5.0,0.0,6.0,0.0,1.0,0.0,14.0,2.0,0.0,0.0,1.0,1.0,1.0,0.0,1.0
2022-07-27,1256.0,88.0,0.0,2.0,6.0,4.0,3.0,4.0,2.0,1.0,74.0,11.0,7.0,23.0,13.0,23.0,1.0,1.0,1.0,1.0,18.0,3.0,10.0,0.0,0.0,13.0,8.0,5.0,0.0,3.0,0.0,0.0,0.0,12.0,1.0,0.0,0.0,1.0,0.0,0.0,0.0,0.0
2022-07-28,1248.0,87.0,0.0,2.0,7.0,4.0,3.0,5.0,2.0,1.0,76.0,11.0,7.0,24.0,13.0,23.0,0.0,1.0,1.0,1.0,18.0,2.0,11.0,0.0,0.0,13.0,7.0,4.0,0.0,4.0,0.0,0.0,0.0,12.0,1.0,0.0,0.0,1.0,0.0,0.0,0.0,0.0
2022-07-29,1227.0,83.0,0.0,3.0,7.0,4.0,3.0,5.0,2.0,1.0,77.0,11.0,7.0,25.0,14.0,24.0,0.0,1.0,1.0,1.0,18.0,2.0,11.0,0.0,0.0,12.0,7.0,5.0,0.0,3.0,0.0,0.0,0.0,13.0,1.0,0.0,0.0,0.0,0.0,0.0,0.0,0.0
2022-07-30,1155.0,85.0,0.0,3.0,5.0,4.0,3.0,5.0,3.0,1.0,75.0,9.0,7.0,24.0,9.0,23.0,0.0,1.0,1.0,1.0,16.0,2.0,10.0,0.0,0.0,13.0,8.0,5.0,0.0,3.0,0.0,0.0,0.0,13.0,1.0,0.0,0.0,0.0,0.0,0.0,0.0,0.0
2022-07-31,1126.0,85.0,0.0,3.0,4.0,4.0,3.0,5.0,3.0,1.0,76.0,8.0,7.0,27.0,8.0,26.0,0.0,1.0,1.0,1.0,18.0,2.0,14.0,0.0,0.0,16.0,9.0,5.0,0.0,3.0,0.0,0.0,0.0,15.0,1.0,0.0,0.0,0.0,0.0,0.0,0.0,0.0
2022-08-01,1119.0,86.0,0.0,2.0,4.0,4.0,3.0,5.0,3.0,1.0,75.0,8.0,7.0,26.0,9.0,28.0,0.0,1.0,1.0,1.0,17.0,2.0,16.0,1.0,0.0,15.0,8.0,5.0,0.0,3.0,0.0,1.0,0.0,17.0,1.0,0.0,0.0,0.0,0.0,0.0,0.0,0.0
2022-08-02,1168.0,91.0,0.0,1.0,7.0,4.0,4.0,6.0,4.0,1.0,72.0,9.0,8.0,23.0,9.0,29.0,0.0,1.0,1.0,1.0,15.0,2.0,18.0,1.0,0.0,14.0,6.0,6.0,0.0,4.0,0.0,1.0,0.0,19.0,1.0,0.0,0.0,0.0,1.0,1.0,0.0,0.0
2022-08-03,1173.0,93.0,0.0,1.0,8.0,3.0,4.0,8.0,4.0,1.0,70.0,9.0,8.0,21.0,8.0,32.0,0.0,1.0,0.0,1.0,14.0,1.0,18.0,1.0,0.0,14.0,6.0,6.0,0.0,4.0,0.0,1.0,0.0,22.0,1.0,0.0,0.0,0.0,1.0,1.0,0.0,0.0
2022-08-04,1168.0,93.0,0.0,1.0,9.0,4.0,4.0,8.0,4.0,1.0,72.0,9.0,9.0,22.0,12.0,33.0,0.0,1.0,0.0,1.0,18.0,1.0,19.0,1.0,0.0,13.0,8.0,8.0,0.0,4.0,0.0,1.0,0.0,24.0,1.0,1.0,0.0,0.0,1.0,1.0,0.0,0.0
2022-08-05,1121.0,97.0,0.0,1.0,8.0,3.0,6.0,8.0,3.0,1.0,74.0,8.0,7.0,21.0,14.0,33.0,0.0,1.0,0.0,1.0,17.0,1.0,19.0,1.0,0.0,14.0,8.0,8.0,0.0,4.0,0.0,1.0,0.0,25.0,1.0,2.0,0.0,0.0,1.0,1.0,0.0,0.0
2022-08-06,1116.0,94.0,0.0,1.0,8.0,3.0,7.0,8.0,3.0,1.0,76.0,5.0,3.0,22.0,17.0,31.0,0.0,1.0,0.0,1.0,16.0,1.0,20.0,1.0,0.0,15.0,8.0,7.0,0.0,5.0,0.0,1.0,0.0,25.0,0.0,2.0,0.0,0.0,1.0,1.0,0.0,0.0
2022-08-07,1169.0,96.0,0.0,1.0,8.0,3.0,7.0,8.0,5.0,1.0,78.0,4.0,3.0,23.0,18.0,31.0,0.0,1.0,1.0,1.0,15.0,1.0,20.0,1.0,0.0,17.0,9.0,7.0,0.0,5.0,0.0,1.0,0.0,24.0,0.0,2.0,0.0,1.0,1.0,1.0,0.0,0.0
2022-08-08,1204.0,105.0,0.0,1.0,8.0,3.0,7.0,8.0,6.0,1.0,77.0,3.0,2.0,22.0,19.0,30.0,1.0,1.0,1.0,1.0,13.0,1.0,19.0,1.0,0.0,20.0,9.0,7.0,0.0,5.0,0.0,1.0,0.0,24.0,0.0,2.0,0.0,1.0,1.0,1.0,0.0,0.0
2022-08-09,1249.0,106.0,0.0,1.0,8.0,3.0,7.0,8.0,5.0,1.0,79.0,5.0,2.0,24.0,18.0,31.0,2.0,1.0,1.0,1.0,12.0,1.0,19.0,1.0,0.0,19.0,9.0,7.0,0.0,5.0,0.0,1.0,0.0,25.0,0.0,2.0,0.0,1.0,1.0,1.0,0.0,0.0
2022-08-10,1226.0,108.0,0.0,1.0,7.0,2.0,6.0,7.0,5.0,1.0,81.0,5.0,2.0,23.0,18.0,28.0,2.0,1.0,1.0,1.0,12.0,1.0,19.0,1.0,0.0,18.0,6.0,6.0,0.0,5.0,0.0,2.0,0.0,23.0,0.0,2.0,0.0,1.0,1.0,1.0,0.0,0.0
2022-08-11,1176.0,112.0,0.0,1.0,8.0,1.0,5.0,7.0,5.0,0.0,73.0,3.0,2.0,18.0,17.0,24.0,2.0,0.0,1.0,1.0,12.0,1.0,19.0,1.0,0.0,12.0,6.0,5.0,0.0,4.0,0.0,2.0,0.0,22.0,0.0,2.0,0.0,1.0,1.0,1.0,0.0,0.0
2022-08-12,1176.0,115.0,0.0,1.0,8.0,1.0,5.0,6.0,5.0,0.0,70.0,3.0,2.0,17.0,18.0,25.0,2.0,0.0,1.0,1.0,11.0,1.0,17.0,1.0,0.0,14.0,6.0,6.0,0.0,4.0,0.0,2.0,0.0,23.0,0.0,2.0,0.0,1.0,1.0,1.0,0.0,0.0
2022-08-13,1171.0,121.0,0.0,0.0,9.0,2.0,5.0,7.0,7.0,0.0,68.0,3.0,3.0,17.0,17.0,25.0,2.0,0.0,1.0,1.0,11.0,1.0,16.0,1.0,0.0,14.0,6.0,5.0,0.0,4.0,0.0,2.0,0.0,22.0,0.0,2.0,0.0,1.0,1.0,1.0,0.0,0.0
2022-08-14,1179.0,119.0,0.0,0.0,9.0,2.0,5.0,7.0,6.0,0.0,70.0,3.0,3.0,18.0,18.0,27.0,2.0,0.0,1.0,1.0,12.0,1.0,17.0,1.0,0.0,14.0,5.0,5.0,0.0,6.0,0.0,2.0,0.0,24.0,0.0,2.0,0.0,1.0,2.0,1.0,0.0,0.0
2022-08-15,1223.0,123.0,0.0,0.0,9.0,2.0,4.0,7.0,6.0,0.0,71.0,3.0,3.0,17.0,18.0,27.0,2.0,0.0,1.0,1.0,13.0,1.0,14.0,1.0,0.0,11.0,6.0,5.0,0.0,6.0,0.0,2.0,0.0,23.0,0.0,2.0,0.0,1.0,3.0,1.0,0.0,0.0
2022-08-16,1271.0,122.0,0.0,0.0,9.0,3.0,4.0,7.0,6.0,0.0,69.0,3.0,3.0,18.0,16.0,25.0,2.0,0.0,1.0,1.0,14.0,1.0,12.0,0.0,0.0,11.0,7.0,5.0,0.0,6.0,0.0,1.0,0.0,20.0,0.0,2.0,0.0,1.0,3.0,1.0,0.0,0.0
2022-08-17,1214.0,114.0,0.0,1.0,6.0,3.0,3.0,6.0,5.0,0.0,70.0,2.0,3.0,19.0,15.0,24.0,2.0,0.0,1.0,2.0,14.0,1.0,10.0,0.0,0.0,11.0,7.0,4.0,0.0,6.0,0.0,1.0,0.0,22.0,0.0,2.0,0.0,1.0,3.0,0.0,0.0,0.0
2022-08-18,1187.0,115.0,0.0,1.0,6.0,3.0,3.0,4.0,5.0,0.0,75.0,4.0,3.0,20.0,15.0,23.0,2.0,0.0,1.0,3.0,16.0,1.0,11.0,0.0,0.0,10.0,7.0,3.0,0.0,6.0,0.0,1.0,0.0,22.0,0.0,2.0,0.0,1.0,3.0,0.0,1.0,0.0
2022-08-19,1139.0,110.0,0.0,1.0,5.0,2.0,3.0,3.0,5.0,0.0,72.0,5.0,2.0,19.0,11.0,23.0,2.0,0.0,1.0,2.0,13.0,1.0,11.0,0.0,0.0,10.0,6.0,1.0,0.0,6.0,0.0,1.0,0.0,21.0,0.0,1.0,0.0,1.0,3.0,0.0,1.0,0.0
2022-08-20,1112.0,102.0,0.0,1.0,5.0,2.0,1.0,2.0,5.0,0.0,71.0,5.0,2.0,18.0,9.0,24.0,2.0,0.0,1.0,2.0,14.0,1.0,11.0,0.0,0.0,10.0,7.0,1.0,0.0,7.0,0.0,1.0,0.0,21.0,0.0,0.0,0.0,1.0,3.0,0.0,1.0,0.0
2022-08-21,1060.0,104.0,0.0,1.0,5.0,2.0,0.0,1.0,6.0,1.0,70.0,5.0,3.0,16.0,7.0,24.0,2.0,0.0,1.0,2.0,12.0,1.0,11.0,0.0,0.0,10.0,6.0,2.0,0.0,6.0,0.0,1.0,0.0,21.0,0.0,0.0,0.0,1.0,3.0,0.0,1.0,0.0
2022-08-22,1058.0,105.0,0.0,3.0,6.0,3.0,0.0,1.0,5.0,1.0,74.0,7.0,3.0,15.0,6.0,25.0,2.0,0.0,1.0,2.0,12.0,1.0,12.0,0.0,0.0,8.0,5.0,2.0,1.0,6.0,0.0,3.0,0.0,23.0,0.0,0.0,0.0,0.0,4.0,0.0,1.0,0.0
2022-08-23,1021.0,104.0,0.0,3.0,5.0,3.0,0.0,1.0,4.0,1.0,78.0,7.0,3.0,16.0,9.0,25.0,1.0,0.0,1.0,3.0,12.0,1.0,12.0,0.0,0.0,5.0,5.0,2.0,1.0,6.0,0.0,3.0,0.0,23.0,0.0,0.0,0.0,0.0,4.0,0.0,1.0,0.0
2022-08-24,976.0,105.0,0.0,3.0,6.0,3.0,0.0,1.0,4.0,1.0,80.0,5.0,3.0,15.0,8.0,27.0,0.0,0.0,1.0,3.0,14.0,1.0,12.0,0.0,0.0,5.0,5.0,3.0,1.0,6.0,0.0,3.0,0.0,25.0,0.0,0.0,0.0,0.0,4.0,0.0,1.0,0.0
2022-08-25,983.0,106.0,0.0,3.0,6.0,3.0,0.0,1.0,4.0,1.0,78.0,5.0,3.0,15.0,11.0,28.0,0.0,0.0,1.0,3.0,13.0,1.0,13.0,0.0,0.0,6.0,5.0,3.0,1.0,6.0,0.0,2.0,0.0,26.0,0.0,0.0,0.0,0.0,4.0,0.0,1.0,0.0
2022-08-26,969.0,100.0,0.0,3.0,5.0,3.0,0.0,1.0,4.0,1.0,78.0,5.0,3.0,13.0,11.0,28.0,0.0,0.0,1.0,3.0,14.0,0.0,14.0,0.0,0.0,8.0,6.0,3.0,1.0,6.0,0.0,2.0,0.0,26.0,0.0,0.0,0.0,0.0,4.0,0.0,1.0,0.0
2022-08-27,975.0,95.0,0.0,4.0,4.0,3.0,0.0,1.0,4.0,1.0,79.0,5.0,3.0,12.0,10.0,26.0,0.0,0.0,1.0,3.0,15.0,0.0,15.0,0.0,0.0,7.0,7.0,2.0,1.0,4.0,0.0,2.0,0.0,24.0,1.0,0.0,0.0,0.0,4.0,0.0,1.0,0.0
2022-08-28,1021.0,88.0,0.0,4.0,4.0,2.0,0.0,0.0,2.0,1.0,86.0,5.0,2.0,11.0,11.0,28.0,0.0,0.0,1.0,3.0,17.0,1.0,18.0,0.0,0.0,8.0,7.0,2.0,1.0,4.0,0.0,2.0,0.0,27.0,2.0,0.0,0.0,0.0,4.0,0.0,1.0,0.0
2022-08-29,1019.0,87.0,0.0,4.0,4.0,2.0,0.0,0.0,2.0,1.0,88.0,6.0,3.0,10.0,10.0,27.0,0.0,0.0,1.0,3.0,16.0,1.0,19.0,0.0,0.0,8.0,7.0,3.0,1.0,2.0,0.0,2.0,0.0,26.0,2.0,0.0,0.0,0.0,3.0,0.0,1.0,0.0
2022-08-30,990.0,83.0,0.0,4.0,4.0,2.0,0.0,0.0,3.0,1.0,93.0,7.0,4.0,9.0,12.0,29.0,0.0,0.0,1.0,3.0,14.0,2.0,21.0,0.0,0.0,10.0,5.0,3.0,1.0,2.0,0.0,2.0,0.0,30.0,3.0,0.0,0.0,0.0,2.0,0.0,1.0,0.0
2022-08-31,943.0,88.0,0.0,4.0,4.0,1.0,0.0,1.0,3.0,1.0,95.0,7.0,4.0,7.0,14.0,31.0,0.0,0.0,1.0,3.0,16.0,2.0,23.0,0.0,0.0,15.0,5.0,3.0,1.0,2.0,0.0,2.0,0.0,33.0,3.0,0.0,0.0,0.0,2.0,0.0,1.0,0.0
2022-09-01,952.0,90.0,0.0,3.0,4.0,1.0,0.0,1.0,3.0,1.0,89.0,8.0,3.0,7.0,14.0,28.0,0.0,0.0,1.0,2.0,15.0,2.0,22.0,0.0,0.0,22.0,5.0,3.0,1.0,1.0,0.0,2.0,0.0,27.0,3.0,0.0,0.0,0.0,1.0,0.0,1.0,0.0
2022-09-02,990.0,87.0,0.0,3.0,3.0,1.0,0.0,1.0,3.0,1.0,84.0,6.0,3.0,8.0,14.0,27.0,0.0,0.0,1.0,1.0,14.0,2.0,21.0,0.0,0.0,27.0,6.0,3.0,2.0,1.0,0.0,2.0,0.0,25.0,3.0,0.0,0.0,0.0,1.0,0.0,0.0,0.0
2022-09-03,1031.0,84.0,0.0,3.0,3.0,1.0,1.0,1.0,3.0,1.0,86.0,5.0,3.0,8.0,16.0,26.0,0.0,0.0,2.0,1.0,13.0,2.0,22.0,0.0,0.0,29.0,8.0,4.0,2.0,1.0,0.0,2.0,0.0,25.0,3.0,0.0,0.0,0.0,1.0,0.0,0.0,0.0
2022-09-04,1047.0,79.0,0.0,3.0,3.0,1.0,2.0,1.0,3.0,1.0,88.0,5.0,3.0,8.0,17.0,27.0,0.0,0.0,3.0,1.0,13.0,2.0,22.0,0.0,0.0,29.0,7.0,5.0,2.0,0.0,0.0,2.0,0.0,26.0,3.0,0.0,0.0,0.0,1.0,0.0,0.0,0.0
2022-09-05,1055.0,76.0,0.0,3.0,3.0,1.0,2.0,1.0,2.0,0.0,89.0,5.0,2.0,9.0,16.0,27.0,0.0,0.0,3.0,1.0,15.0,2.0,22.0,0.0,0.0,33.0,11.0,4.0,2.0,0.0,0.0,2.0,0.0,26.0,3.0,0.0,0.0,0.0,1.0,0.0,0.0,0.0
2022-09-06,1005.0,72.0,0.0,1.0,2.0,0.0,2.0,2.0,1.0,0.0,82.0,3.0,4.0,9.0,16.0,26.0,0.0,0.0,2.0,1.0,15.0,2.0,22.0,0.0,0.0,36.0,11.0,4.0,1.0,0.0,0.0,0.0,0.0,25.0,3.0,0.0,0.0,0.0,0.0,0.0,0.0,0.0
2022-09-07,995.0,68.0,0.0,1.0,3.0,0.0,2.0,3.0,1.0,0.0,81.0,4.0,5.0,8.0,11.0,25.0,0.0,0.0,2.0,0.0,15.0,2.0,21.0,0.0,0.0,41.0,11.0,4.0,1.0,1.0,0.0,0.0,0.0,24.0,3.0,0.0,0.0,0.0,0.0,0.0,0.0,0.0
2022-09-08,1008.0,65.0,0.0,1.0,2.0,0.0,2.0,3.0,1.0,0.0,74.0,4.0,5.0,9.0,13.0,23.0,0.0,0.0,2.0,0.0,14.0,2.0,22.0,0.0,1.0,45.0,12.0,3.0,1.0,1.0,0.0,0.0,0.0,22.0,3.0,0.0,0.0,0.0,0.0,0.0,0.0,0.0
2022-09-09,971.0,58.0,0.0,1.0,2.0,0.0,2.0,3.0,1.0,0.0,72.0,4.0,5.0,9.0,11.0,23.0,0.0,0.0,2.0,0.0,14.0,2.0,20.0,0.0,1.0,44.0,12.0,3.0,1.0,1.0,0.0,0.0,0.0,22.0,3.0,0.0,0.0,0.0,0.0,1.0,0.0,0.0
2022-09-10,948.0,58.0,0.0,1.0,3.0,1.0,2.0,3.0,1.0,0.0,72.0,4.0,5.0,10.0,11.0,24.0,0.0,0.0,2.0,0.0,13.0,2.0,18.0,0.0,1.0,43.0,11.0,3.0,1.0,1.0,0.0,0.0,0.0,23.0,3.0,0.0,0.0,0.0,0.0,1.0,0.0,0.0
2022-09-11,918.0,57.0,0.0,0.0,6.0,1.0,2.0,4.0,1.0,0.0,74.0,4.0,5.0,10.0,12.0,24.0,0.0,0.0,2.0,0.0,12.0,2.0,17.0,0.0,1.0,42.0,10.0,3.0,1.0,1.0,0.0,0.0,0.0,23.0,2.0,0.0,0.0,0.0,0.0,1.0,0.0,0.0
2022-09-12,843.0,55.0,0.0,0.0,5.0,1.0,2.0,4.0,1.0,0.0,67.0,4.0,5.0,10.0,11.0,22.0,0.0,0.0,2.0,0.0,10.0,1.0,16.0,0.0,1.0,41.0,10.0,3.0,1.0,1.0,0.0,0.0,0.0,21.0,1.0,0.0,0.0,0.0,0.0,1.0,0.0,0.0
2022-09-13,845.0,55.0,0.0,0.0,6.0,1.0,2.0,7.0,1.0,0.0,60.0,3.0,4.0,10.0,11.0,20.0,0.0,0.0,2.0,0.0,9.0,1.0,14.0,0.0,1.0,40.0,10.0,3.0,1.0,1.0,0.0,0.0,0.0,19.0,1.0,0.0,0.0,0.0,0.0,1.0,0.0,0.0
2022-09-14,809.0,51.0,0.0,0.0,6.0,1.0,2.0,7.0,0.0,0.0,52.0,3.0,3.0,9.0,9.0,16.0,0.0,0.0,2.0,0.0,8.0,0.0,11.0,0.0,1.0,38.0,10.0,3.0,1.0,1.0,0.0,0.0,0.0,15.0,0.0,0.0,0.0,0.0,0.0,1.0,0.0,0.0
2022-09-15,858.0,45.0,0.0,0.0,7.0,1.0,2.0,6.0,1.0,0.0,52.0,4.0,3.0,11.0,7.0,18.0,0.0,0.0,2.0,0.0,6.0,0.0,10.0,1.0,1.0,33.0,10.0,3.0,1.0,1.0,0.0,0.0,0.0,17.0,0.0,0.0,0.0,0.0,0.0,1.0,0.0,0.0
2022-09-16,827.0,41.0,0.0,0.0,7.0,1.0,2.0,6.0,1.0,1.0,55.0,4.0,3.0,9.0,8.0,19.0,0.0,0.0,2.0,0.0,6.0,1.0,11.0,1.0,1.0,26.0,10.0,4.0,1.0,2.0,0.0,0.0,0.0,18.0,0.0,0.0,0.0,0.0,0.0,1.0,0.0,0.0
2022-09-17,771.0,38.0,0.0,0.0,7.0,1.0,2.0,6.0,1.0,1.0,55.0,4.0,3.0,8.0,8.0,17.0,0.0,0.0,2.0,0.0,5.0,1.0,11.0,1.0,1.0,21.0,10.0,4.0,0.0,2.0,0.0,0.0,0.0,17.0,0.0,0.0,0.0,0.0,0.0,1.0,0.0,0.0
2022-09-18,772.0,40.0,0.0,0.0,8.0,1.0,1.0,6.0,1.0,1.0,54.0,4.0,3.0,8.0,6.0,17.0,0.0,0.0,1.0,0.0,5.0,1.0,9.0,1.0,1.0,19.0,7.0,4.0,0.0,2.0,0.0,0.0,0.0,17.0,0.0,0.0,0.0,0.0,0.0,1.0,0.0,0.0
2022-09-19,735.0,40.0,0.0,0.0,10.0,1.0,0.0,6.0,1.0,1.0,48.0,5.0,3.0,8.0,6.0,14.0,0.0,0.0,0.0,0.0,4.0,1.0,9.0,1.0,1.0,18.0,7.0,4.0,0.0,2.0,0.0,0.0,0.0,14.0,0.0,0.0,0.0,0.0,0.0,1.0,0.0,0.0
2022-09-20,732.0,38.0,0.0,0.0,10.0,1.0,0.0,6.0,1.0,1.0,51.0,5.0,3.0,8.0,6.0,14.0,0.0,0.0,0.0,0.0,4.0,2.0,8.0,1.0,1.0,13.0,3.0,4.0,0.0,2.0,0.0,0.0,0.0,14.0,0.0,0.0,0.0,0.0,0.0,1.0,0.0,0.0
2022-09-21,748.0,41.0,0.0,0.0,10.0,1.0,0.0,5.0,1.0,1.0,52.0,5.0,1.0,9.0,8.0,16.0,0.0,0.0,1.0,0.0,5.0,2.0,8.0,1.0,1.0,11.0,4.0,4.0,0.0,2.0,0.0,0.0,0.0,16.0,0.0,0.0,0.0,0.0,0.0,1.0,0.0,0.0
2022-09-22,756.0,46.0,0.0,2.0,9.0,1.0,1.0,4.0,1.0,1.0,50.0,4.0,0.0,9.0,9.0,17.0,0.0,0.0,1.0,0.0,5.0,2.0,9.0,1.0,1.0,8.0,4.0,4.0,0.0,1.0,0.0,0.0,0.0,17.0,0.0,0.0,0.0,0.0,0.0,1.0,0.0,0.0
2022-09-23,755.0,45.0,0.0,5.0,10.0,1.0,1.0,4.0,2.0,3.0,51.0,7.0,3.0,8.0,7.0,16.0,0.0,0.0,1.0,0.0,4.0,2.0,7.0,1.0,0.0,5.0,3.0,4.0,0.0,1.0,0.0,0.0,0.0,16.0,0.0,0.0,0.0,0.0,0.0,1.0,0.0,0.0
2022-09-24,820.0,50.0,0.0,13.0,10.0,1.0,2.0,4.0,4.0,4.0,52.0,11.0,5.0,7.0,7.0,15.0,0.0,0.0,1.0,0.0,5.0,2.0,8.0,1.0,0.0,7.0,3.0,4.0,0.0,1.0,0.0,0.0,0.0,15.0,0.0,0.0,0.0,0.0,0.0,0.0,0.0,0.0
2022-09-25,845.0,48.0,0.0,15.0,10.0,1.0,2.0,4.0,5.0,4.0,54.0,14.0,5.0,8.0,7.0,16.0,0.0,0.0,3.0,0.0,7.0,2.0,9.0,1.0,0.0,7.0,4.0,4.0,0.0,1.0,0.0,0.0,0.0,16.0,0.0,0.0,0.0,0.0,0.0,0.0,0.0,0.0
2022-09-26,870.0,55.0,0.0,17.0,7.0,1.0,2.0,3.0,6.0,4.0,54.0,18.0,9.0,10.0,6.0,20.0,0.0,0.0,3.0,0.0,7.0,2.0,11.0,2.0,0.0,8.0,4.0,4.0,0.0,1.0,0.0,0.0,0.0,19.0,0.0,0.0,0.0,0.0,0.0,0.0,0.0,0.0
2022-09-27,901.0,57.0,0.0,18.0,7.0,1.0,2.0,3.0,6.0,4.0,52.0,20.0,10.0,10.0,6.0,19.0,0.0,0.0,3.0,0.0,7.0,2.0,9.0,2.0,0.0,8.0,4.0,4.0,0.0,2.0,0.0,0.0,0.0,18.0,0.0,0.0,0.0,0.0,0.0,0.0,0.0,0.0
2022-09-28,903.0,57.0,0.0,18.0,6.0,1.0,2.0,0.0,7.0,4.0,60.0,23.0,10.0,11.0,6.0,19.0,0.0,0.0,3.0,0.0,7.0,3.0,9.0,3.0,0.0,8.0,4.0,3.0,0.0,2.0,0.0,0.0,0.0,18.0,0.0,0.0,0.0,0.0,0.0,0.0,0.0,0.0
2022-09-29,934.0,59.0,0.0,18.0,6.0,2.0,2.0,0.0,8.0,4.0,64.0,25.0,10.0,13.0,6.0,19.0,0.0,0.0,4.0,0.0,7.0,3.0,10.0,3.0,0.0,9.0,4.0,4.0,0.0,3.0,0.0,1.0,0.0,18.0,0.0,0.0,0.0,0.0,0.0,0.0,0.0,0.0
2022-09-30,884.0,58.0,0.0,18.0,6.0,3.0,3.0,1.0,7.0,4.0,59.0,24.0,11.0,11.0,7.0,15.0,0.0,0.0,4.0,0.0,7.0,3.0,11.0,2.0,0.0,10.0,3.0,4.0,0.0,3.0,0.0,1.0,0.0,13.0,0.0,0.0,0.0,0.0,0.0,0.0,0.0,0.0
2022-10-01,882.0,61.0,0.0,19.0,7.0,3.0,3.0,1.0,7.0,3.0,58.0,23.0,12.0,11.0,6.0,14.0,0.0,0.0,4.0,0.0,8.0,2.0,10.0,2.0,0.0,11.0,3.0,3.0,0.0,2.0,0.0,1.0,0.0,12.0,0.0,0.0,0.0,0.0,0.0,0.0,1.0,0.0
2022-10-02,902.0,65.0,0.0,19.0,9.0,3.0,4.0,1.0,7.0,3.0,54.0,23.0,12.0,11.0,6.0,14.0,0.0,0.0,4.0,2.0,8.0,3.0,10.0,3.0,0.0,12.0,2.0,3.0,0.0,2.0,0.0,1.0,0.0,12.0,0.0,0.0,0.0,0.0,0.0,0.0,1.0,0.0
2022-10-03,939.0,70.0,0.0,20.0,10.0,3.0,4.0,1.0,7.0,3.0,63.0,24.0,13.0,11.0,6.0,13.0,0.0,0.0,4.0,2.0,9.0,3.0,10.0,3.0,0.0,13.0,3.0,2.0,0.0,2.0,0.0,1.0,0.0,11.0,0.0,0.0,0.0,0.0,0.0,0.0,1.0,0.0
2022-10-04,948.0,71.0,0.0,20.0,8.0,3.0,4.0,1.0,7.0,3.0,65.0,23.0,13.0,13.0,5.0,13.0,0.0,0.0,4.0,2.0,10.0,3.0,10.0,3.0,0.0,13.0,3.0,1.0,0.0,2.0,0.0,1.0,0.0,11.0,0.0,0.0,0.0,0.0,0.0,0.0,1.0,0.0
2022-10-05,953.0,72.0,0.0,20.0,9.0,3.0,4.0,1.0,7.0,3.0,61.0,23.0,13.0,12.0,5.0,12.0,0.0,0.0,4.0,2.0,8.0,2.0,10.0,3.0,0.0,13.0,3.0,1.0,0.0,2.0,0.0,1.0,0.0,10.0,0.0,0.0,0.0,0.0,0.0,0.0,1.0,0.0
2022-10-06,958.0,68.0,0.0,20.0,9.0,3.0,4.0,2.0,8.0,4.0,62.0,24.0,13.0,12.0,3.0,10.0,0.0,0.0,3.0,2.0,7.0,2.0,10.0,3.0,0.0,14.0,2.0,1.0,0.0,2.0,0.0,1.0,0.0,8.0,0.0,0.0,0.0,0.0,0.0,0.0,1.0,0.0
2022-10-07,923.0,62.0,0.0,18.0,10.0,3.0,3.0,3.0,8.0,4.0,62.0,24.0,13.0,12.0,2.0,9.0,0.0,0.0,3.0,2.0,7.0,2.0,9.0,3.0,0.0,12.0,2.0,1.0,0.0,2.0,0.0,1.0,0.0,7.0,0.0,0.0,0.0,0.0,0.0,0.0,1.0,0.0
2022-10-08,933.0,65.0,0.0,15.0,9.0,3.0,3.0,3.0,7.0,2.0,61.0,21.0,10.0,13.0,2.0,9.0,1.0,0.0,3.0,2.0,7.0,2.0,9.0,3.0,0.0,12.0,2.0,1.0,0.0,2.0,0.0,1.0,0.0,7.0,0.0,0.0,0.0,0.0,0.0,0.0,1.0,0.0
2022-10-09,869.0,62.0,0.0,7.0,9.0,3.0,2.0,3.0,5.0,1.0,60.0,17.0,8.0,13.0,2.0,11.0,1.0,0.0,3.0,2.0,6.0,2.0,8.0,3.0,0.0,10.0,2.0,2.0,0.0,2.0,0.0,1.0,0.0,9.0,0.0,0.0,0.0,0.0,0.0,0.0,1.0,0.0
2022-10-10,854.0,62.0,0.0,5.0,9.0,2.0,2.0,4.0,4.0,1.0,56.0,14.0,8.0,11.0,2.0,10.0,1.0,0.0,2.0,2.0,4.0,2.0,6.0,3.0,0.0,9.0,2.0,2.0,0.0,3.0,0.0,1.0,0.0,8.0,0.0,0.0,0.0,0.0,0.0,0.0,1.0,0.0
2022-10-11,822.0,52.0,0.0,3.0,9.0,2.0,3.0,4.0,4.0,2.0,50.0,11.0,5.0,10.0,2.0,6.0,1.0,0.0,2.0,2.0,5.0,2.0,4.0,2.0,0.0,8.0,2.0,2.0,0.0,3.0,0.0,1.0,0.0,5.0,0.0,0.0,0.0,0.0,0.0,0.0,1.0,0.0
2022-10-12,839.0,56.0,0.0,2.0,9.0,2.0,3.0,4.0,5.0,3.0,54.0,11.0,5.0,13.0,3.0,11.0,1.0,0.0,3.0,2.0,5.0,3.0,5.0,2.0,0.0,8.0,2.0,3.0,0.0,2.0,0.0,1.0,0.0,9.0,0.0,0.0,0.0,0.0,0.0,0.0,1.0,0.0
2022-10-13,860.0,63.0,0.0,2.0,10.0,3.0,4.0,6.0,5.0,3.0,53.0,8.0,5.0,13.0,4.0,14.0,1.0,0.0,3.0,3.0,7.0,2.0,7.0,1.0,0.0,8.0,3.0,3.0,0.0,2.0,0.0,1.0,0.0,12.0,0.0,0.0,0.0,0.0,0.0,0.0,1.0,0.0
2022-10-14,833.0,59.0,0.0,2.0,10.0,2.0,4.0,6.0,4.0,3.0,51.0,5.0,5.0,12.0,4.0,14.0,1.0,0.0,2.0,3.0,8.0,3.0,8.0,1.0,0.0,7.0,3.0,2.0,0.0,1.0,0.0,0.0,0.0,12.0,0.0,0.0,0.0,0.0,0.0,0.0,1.0,0.0
2022-10-15,820.0,60.0,0.0,2.0,9.0,1.0,4.0,5.0,4.0,3.0,56.0,5.0,4.0,13.0,3.0,13.0,1.0,0.0,2.0,3.0,7.0,3.0,6.0,1.0,0.0,6.0,3.0,2.0,0.0,2.0,0.0,0.0,0.0,12.0,0.0,0.0,0.0,0.0,0.0,0.0,1.0,0.0
2022-10-16,831.0,56.0,0.0,1.0,8.0,1.0,4.0,5.0,4.0,3.0,55.0,6.0,4.0,16.0,4.0,15.0,1.0,0.0,2.0,3.0,6.0,3.0,7.0,1.0,0.0,5.0,3.0,2.0,0.0,2.0,0.0,0.0,0.0,13.0,1.0,0.0,0.0,0.0,0.0,0.0,0.0,0.0
2022-10-17,805.0,52.0,0.0,1.0,6.0,1.0,3.0,5.0,4.0,3.0,60.0,6.0,4.0,15.0,4.0,17.0,1.0,0.0,2.0,1.0,6.0,2.0,8.0,1.0,0.0,4.0,3.0,3.0,0.0,2.0,0.0,0.0,0.0,15.0,1.0,0.0,0.0,0.0,0.0,0.0,0.0,0.0
2022-10-18,744.0,48.0,0.0,0.0,7.0,2.0,4.0,6.0,4.0,3.0,54.0,5.0,3.0,17.0,5.0,19.0,1.0,0.0,2.0,3.0,6.0,3.0,9.0,1.0,0.0,5.0,3.0,5.0,1.0,4.0,0.0,0.0,0.0,16.0,2.0,0.0,0.0,0.0,1.0,0.0,1.0,0.0
2022-10-19,788.0,52.0,0.0,0.0,8.0,2.0,5.0,8.0,5.0,3.0,58.0,7.0,4.0,16.0,5.0,20.0,2.0,0.0,2.0,3.0,6.0,4.0,10.0,1.0,0.0,6.0,4.0,5.0,1.0,4.0,0.0,0.0,0.0,17.0,2.0,0.0,0.0,0.0,1.0,0.0,1.0,0.0
2022-10-20,793.0,53.0,0.0,0.0,8.0,2.0,5.0,8.0,5.0,3.0,61.0,7.0,4.0,16.0,5.0,21.0,3.0,0.0,3.0,3.0,7.0,4.0,10.0,1.0,0.0,8.0,5.0,6.0,1.0,4.0,0.0,0.0,0.0,18.0,2.0,0.0,0.0,0.0,1.0,0.0,1.0,0.0
2022-10-21,795.0,59.0,0.0,0.0,10.0,2.0,5.0,8.0,5.0,2.0,59.0,7.0,4.0,15.0,5.0,21.0,3.0,0.0,3.0,3.0,7.0,4.0,10.0,1.0,0.0,7.0,5.0,6.0,1.0,4.0,0.0,0.0,0.0,17.0,2.0,0.0,0.0,0.0,1.0,0.0,1.0,0.0
2022-10-22,816.0,57.0,0.0,0.0,9.0,2.0,5.0,8.0,5.0,2.0,59.0,8.0,4.0,16.0,5.0,22.0,3.0,0.0,3.0,3.0,7.0,5.0,10.0,1.0,0.0,7.0,5.0,6.0,1.0,4.0,0.0,0.0,0.0,18.0,2.0,0.0,0.0,0.0,1.0,0.0,1.0,0.0
2022-10-23,762.0,60.0,0.0,0.0,9.0,2.0,5.0,8.0,5.0,2.0,57.0,8.0,4.0,15.0,6.0,22.0,3.0,0.0,3.0,3.0,7.0,5.0,10.0,1.0,2.0,6.0,5.0,6.0,1.0,6.0,0.0,0.0,0.0,18.0,2.0,0.0,0.0,0.0,1.0,0.0,1.0,0.0
2022-10-24,808.0,61.0,0.0,0.0,9.0,5.0,6.0,8.0,5.0,2.0,63.0,9.0,4.0,15.0,6.0,23.0,3.0,0.0,3.0,3.0,7.0,5.0,10.0,1.0,2.0,7.0,5.0,5.0,1.0,6.0,0.0,0.0,0.0,19.0,2.0,0.0,0.0,0.0,1.0,0.0,1.0,0.0
2022-10-25,797.0,62.0,0.0,0.0,8.0,5.0,6.0,7.0,5.0,2.0,65.0,9.0,4.0,16.0,8.0,24.0,3.0,0.0,2.0,3.0,12.0,5.0,10.0,1.0,2.0,7.0,6.0,5.0,1.0,5.0,0.0,0.0,0.0,20.0,2.0,0.0,0.0,0.0,1.0,0.0,1.0,0.0
2022-10-26,782.0,63.0,0.0,0.0,8.0,5.0,5.0,7.0,4.0,1.0,67.0,8.0,3.0,15.0,9.0,25.0,3.0,0.0,2.0,3.0,11.0,6.0,11.0,1.0,2.0,7.0,6.0,6.0,1.0,5.0,0.0,0.0,0.0,21.0,2.0,0.0,0.0,0.0,1.0,0.0,1.0,0.0
2022-10-27,753.0,58.0,0.0,0.0,8.0,5.0,5.0,8.0,3.0,0.0,65.0,6.0,2.0,12.0,8.0,23.0,3.0,0.0,1.0,3.0,11.0,5.0,11.0,1.0,2.0,8.0,7.0,5.0,1.0,5.0,0.0,0.0,0.0,20.0,2.0,0.0,0.0,0.0,1.0,0.0,1.0,0.0
2022-10-28,717.0,51.0,0.0,0.0,8.0,5.0,5.0,7.0,2.0,0.0,61.0,6.0,2.0,13.0,9.0,21.0,3.0,0.0,1.0,2.0,10.0,5.0,9.0,1.0,2.0,8.0,7.0,5.0,1.0,5.0,0.0,0.0,0.0,18.0,2.0,0.0,0.0,0.0,1.0,0.0,1.0,0.0
2022-10-29,734.0,52.0,0.0,0.0,8.0,5.0,6.0,7.0,2.0,0.0,59.0,6.0,2.0,12.0,9.0,20.0,3.0,0.0,1.0,2.0,10.0,6.0,7.0,1.0,2.0,9.0,8.0,6.0,1.0,5.0,0.0,0.0,0.0,17.0,2.0,0.0,0.0,0.0,1.0,0.0,1.0,0.0
2022-10-30,703.0,52.0,0.0,0.0,8.0,5.0,5.0,7.0,2.0,0.0,54.0,6.0,2.0,11.0,10.0,21.0,3.0,0.0,1.0,2.0,10.0,6.0,7.0,1.0,2.0,9.0,8.0,6.0,1.0,4.0,0.0,0.0,0.0,18.0,2.0,0.0,0.0,0.0,1.0,0.0,1.0,0.0
2022-10-31,688.0,53.0,0.0,0.0,13.0,6.0,5.0,7.0,3.0,0.0,58.0,5.0,2.0,9.0,11.0,22.0,3.0,1.0,1.0,2.0,11.0,6.0,8.0,1.0,2.0,11.0,11.0,6.0,1.0,5.0,0.0,0.0,0.0,19.0,1.0,0.0,0.0,1.0,1.0,0.0,1.0,0.0
2022-11-01,706.0,56.0,0.0,0.0,16.0,7.0,5.0,9.0,3.0,0.0,59.0,5.0,2.0,10.0,11.0,22.0,3.0,1.0,1.0,2.0,11.0,6.0,8.0,0.0,2.0,11.0,11.0,6.0,1.0,6.0,0.0,0.0,0.0,19.0,1.0,0.0,0.0,1.0,1.0,0.0,1.0,0.0
2022-11-02,695.0,55.0,0.0,0.0,14.0,6.0,4.0,10.0,3.0,0.0,56.0,5.0,2.0,8.0,10.0,21.0,3.0,1.0,1.0,0.0,12.0,5.0,7.0,0.0,2.0,9.0,10.0,5.0,0.0,4.0,0.0,0.0,0.0,19.0,0.0,0.0,0.0,1.0,0.0,0.0,0.0,0.0
2022-11-03,659.0,57.0,0.0,0.0,13.0,6.0,3.0,8.0,3.0,0.0,50.0,7.0,1.0,8.0,10.0,20.0,2.0,1.0,1.0,0.0,11.0,4.0,6.0,0.0,2.0,8.0,9.0,5.0,0.0,4.0,0.0,0.0,0.0,18.0,0.0,0.0,0.0,1.0,1.0,0.0,0.0,0.0
2022-11-04,653.0,60.0,0.0,0.0,12.0,6.0,3.0,9.0,4.0,0.0,47.0,7.0,1.0,9.0,11.0,21.0,1.0,1.0,0.0,1.0,11.0,4.0,7.0,0.0,2.0,6.0,9.0,4.0,0.0,5.0,0.0,0.0,0.0,19.0,0.0,0.0,0.0,1.0,1.0,1.0,0.0,0.0
2022-11-05,613.0,54.0,0.0,0.0,10.0,6.0,3.0,8.0,3.0,0.0,46.0,6.0,1.0,9.0,11.0,20.0,1.0,1.0,0.0,1.0,11.0,4.0,6.0,1.0,2.0,5.0,9.0,4.0,0.0,5.0,0.0,0.0,0.0,19.0,0.0,0.0,0.0,1.0,1.0,1.0,0.0,0.0
2022-11-06,593.0,52.0,0.0,0.0,10.0,6.0,3.0,7.0,4.0,0.0,44.0,5.0,1.0,12.0,11.0,22.0,1.0,1.0,1.0,1.0,12.0,4.0,7.0,1.0,2.0,5.0,9.0,4.0,0.0,5.0,0.0,0.0,0.0,20.0,0.0,0.0,0.0,1.0,1.0,1.0,0.0,0.0
2022-11-07,621.0,48.0,0.0,0.0,12.0,6.0,3.0,8.0,4.0,0.0,47.0,5.0,2.0,13.0,10.0,25.0,0.0,1.0,2.0,2.0,15.0,4.0,7.0,1.0,0.0,6.0,10.0,6.0,0.0,3.0,0.0,0.0,0.0,21.0,0.0,0.0,0.0,1.0,1.0,1.0,0.0,0.0
2022-11-08,575.0,45.0,0.0,0.0,13.0,3.0,2.0,9.0,4.0,0.0,40.0,4.0,2.0,13.0,9.0,22.0,0.0,1.0,2.0,2.0,15.0,4.0,7.0,1.0,0.0,5.0,10.0,6.0,0.0,3.0,0.0,0.0,0.0,18.0,0.0,0.0,0.0,1.0,1.0,1.0,0.0,0.0
2022-11-09,579.0,47.0,0.0,0.0,13.0,3.0,2.0,9.0,4.0,0.0,41.0,4.0,2.0,12.0,7.0,23.0,0.0,1.0,2.0,2.0,10.0,4.0,7.0,1.0,0.0,5.0,8.0,6.0,0.0,3.0,0.0,0.0,0.0,18.0,0.0,0.0,0.0,1.0,1.0,1.0,0.0,0.0
2022-11-10,579.0,47.0,0.0,0.0,14.0,3.0,2.0,9.0,4.0,0.0,44.0,4.0,2.0,13.0,6.0,26.0,0.0,1.0,2.0,2.0,10.0,3.0,6.0,1.0,0.0,5.0,8.0,5.0,0.0,3.0,0.0,0.0,0.0,20.0,0.0,0.0,0.0,1.0,1.0,1.0,0.0,0.0
2022-11-11,602.0,51.0,0.0,0.0,14.0,4.0,2.0,10.0,4.0,0.0,48.0,4.0,3.0,14.0,6.0,24.0,0.0,1.0,3.0,2.0,10.0,3.0,5.0,1.0,0.0,4.0,7.0,6.0,0.0,3.0,0.0,0.0,0.0,19.0,0.0,0.0,0.0,1.0,1.0,1.0,0.0,0.0
2022-11-12,618.0,51.0,0.0,0.0,13.0,4.0,1.0,10.0,4.0,0.0,48.0,4.0,3.0,12.0,6.0,26.0,0.0,1.0,3.0,2.0,9.0,3.0,6.0,1.0,0.0,4.0,6.0,7.0,0.0,3.0,0.0,0.0,0.0,20.0,0.0,0.0,0.0,1.0,1.0,1.0,0.0,0.0
2022-11-13,606.0,53.0,0.0,0.0,13.0,6.0,0.0,11.0,4.0,0.0,51.0,4.0,3.0,12.0,6.0,26.0,0.0,1.0,3.0,2.0,9.0,2.0,6.0,1.0,0.0,3.0,6.0,7.0,0.0,3.0,0.0,0.0,0.0,20.0,0.0,0.0,0.0,1.0,1.0,1.0,0.0,0.0
2022-11-14,638.0,50.0,0.0,0.0,13.0,6.0,0.0,11.0,4.0,0.0,52.0,4.0,3.0,12.0,5.0,25.0,0.0,1.0,3.0,2.0,11.0,2.0,6.0,1.0,0.0,4.0,8.0,8.0,0.0,3.0,0.0,0.0,0.0,19.0,0.0,0.0,0.0,1.0,1.0,1.0,0.0,0.0
2022-11-15,664.0,51.0,0.0,3.0,8.0,5.0,0.0,11.0,3.0,0.0,49.0,6.0,2.0,11.0,3.0,23.0,0.0,0.0,3.0,2.0,13.0,2.0,4.0,1.0,0.0,2.0,8.0,8.0,0.0,3.0,0.0,0.0,0.0,18.0,0.0,0.0,0.0,0.0,1.0,1.0,0.0,0.0
2022-11-16,630.0,49.0,0.0,3.0,5.0,4.0,0.0,9.0,3.0,0.0,45.0,6.0,3.0,11.0,3.0,22.0,0.0,0.0,3.0,2.0,13.0,2.0,4.0,1.0,0.0,2.0,9.0,7.0,0.0,2.0,0.0,0.0,0.0,17.0,0.0,0.0,0.0,0.0,1.0,1.0,0.0,0.0
